/*
Navicat MySQL Data Transfer

Source Server         : localhost
Source Server Version : 50613
Source Host           : localhost:3306
Source Database       : oa

Target Server Type    : MYSQL
Target Server Version : 50613
File Encoding         : 65001

Date: 2013-08-17 17:40:25
*/

SET FOREIGN_KEY_CHECKS=0;
-- ----------------------------
-- Table structure for `ACT_GE_BYTEARRAY`
-- ----------------------------
DROP TABLE IF EXISTS `ACT_GE_BYTEARRAY`;
CREATE TABLE `ACT_GE_BYTEARRAY` (
  `ID_` varchar(64) COLLATE utf8_bin NOT NULL DEFAULT '',
  `REV_` int(11) DEFAULT NULL,
  `NAME_` varchar(255) COLLATE utf8_bin DEFAULT NULL,
  `DEPLOYMENT_ID_` varchar(64) COLLATE utf8_bin DEFAULT NULL,
  `BYTES_` longblob,
  `GENERATED_` tinyint(4) DEFAULT NULL,
  PRIMARY KEY (`ID_`),
  KEY `ACT_FK_BYTEARR_DEPL` (`DEPLOYMENT_ID_`),
  CONSTRAINT `ACT_FK_BYTEARR_DEPL` FOREIGN KEY (`DEPLOYMENT_ID_`) REFERENCES `act_re_deployment` (`ID_`)
) ENGINE=InnoDB DEFAULT CHARSET=utf8 COLLATE=utf8_bin;

-- ----------------------------
-- Records of ACT_GE_BYTEARRAY
-- ----------------------------
INSERT INTO `ACT_GE_BYTEARRAY` VALUES ('10', '1', '/bpmn/CountSalary.bpmn', '7', 0x3C3F786D6C2076657273696F6E3D22312E302220656E636F64696E673D225554462D38223F3E0A3C646566696E6974696F6E7320786D6C6E733D22687474703A2F2F7777772E6F6D672E6F72672F737065632F42504D4E2F32303130303532342F4D4F44454C220A09786D6C6E733A7873693D22687474703A2F2F7777772E77332E6F72672F323030312F584D4C536368656D612D696E7374616E63652220786D6C6E733A61637469766974693D22687474703A2F2F61637469766974692E6F72672F62706D6E220A09786D6C6E733A62706D6E64693D22687474703A2F2F7777772E6F6D672E6F72672F737065632F42504D4E2F32303130303532342F44492220786D6C6E733A6F6D6764633D22687474703A2F2F7777772E6F6D672E6F72672F737065632F44442F32303130303532342F4443220A09786D6C6E733A6F6D6764693D22687474703A2F2F7777772E6F6D672E6F72672F737065632F44442F32303130303532342F44492220747970654C616E67756167653D22687474703A2F2F7777772E77332E6F72672F323030312F584D4C536368656D61220A0965787072657373696F6E4C616E67756167653D22687474703A2F2F7777772E77332E6F72672F313939392F585061746822207461726765744E616D6573706163653D22687474703A2F2F7777772E61637469766974692E6F72672F74657374223E0A093C70726F636573732069643D22436F756E7453616C61727922206E616D653D22E8AEA1E7AE97E896AAE8B584223E0A09093C73746172744576656E742069643D2273746172746576656E743122206E616D653D225374617274223E3C2F73746172744576656E743E0A09093C736572766963655461736B2069643D22736572766963657461736B3122206E616D653D22E7B3BBE7BB9FE8AEB0E5BD95E896AAE8B584220A09090961637469766974693A65787072657373696F6E3D22247B70726F63657373536572766963652E7265636F726453616C61727928657865637574696F6E297D223E3C2F736572766963655461736B3E0A09093C656E644576656E742069643D22656E646576656E743122206E616D653D22456E64223E3C2F656E644576656E743E0A09093C73657175656E6365466C6F772069643D22666C6F773322206E616D653D222220736F757263655265663D22736572766963657461736B31220A0909097461726765745265663D22656E646576656E7431223E3C2F73657175656E6365466C6F773E0A09093C73657175656E6365466C6F772069643D22666C6F773422206E616D653D222220736F757263655265663D2273746172746576656E7431220A0909097461726765745265663D22736572766963657461736B31223E3C2F73657175656E6365466C6F773E0A093C2F70726F636573733E0A093C62706D6E64693A42504D4E4469616772616D2069643D2242504D4E4469616772616D5F436F756E7453616C617279223E0A09093C62706D6E64693A42504D4E506C616E652062706D6E456C656D656E743D22436F756E7453616C617279222069643D2242504D4E506C616E655F436F756E7453616C617279223E0A0909093C62706D6E64693A42504D4E53686170652062706D6E456C656D656E743D2273746172746576656E7431220A0909090969643D2242504D4E53686170655F73746172746576656E7431223E0A090909093C6F6D6764633A426F756E6473206865696768743D223335222077696474683D2233352220783D223331302220793D22323030223E3C2F6F6D6764633A426F756E64733E0A0909093C2F62706D6E64693A42504D4E53686170653E0A0909093C62706D6E64693A42504D4E53686170652062706D6E456C656D656E743D22736572766963657461736B31220A0909090969643D2242504D4E53686170655F736572766963657461736B31223E0A090909093C6F6D6764633A426F756E6473206865696768743D223535222077696474683D223130352220783D223432302220793D22313930223E3C2F6F6D6764633A426F756E64733E0A0909093C2F62706D6E64693A42504D4E53686170653E0A0909093C62706D6E64693A42504D4E53686170652062706D6E456C656D656E743D22656E646576656E7431222069643D2242504D4E53686170655F656E646576656E7431223E0A090909093C6F6D6764633A426F756E6473206865696768743D223335222077696474683D2233352220783D223539302220793D22323030223E3C2F6F6D6764633A426F756E64733E0A0909093C2F62706D6E64693A42504D4E53686170653E0A0909093C62706D6E64693A42504D4E456467652062706D6E456C656D656E743D22666C6F7733222069643D2242504D4E456467655F666C6F7733223E0A090909093C6F6D6764693A776179706F696E7420783D223532352220793D22323137223E3C2F6F6D6764693A776179706F696E743E0A090909093C6F6D6764693A776179706F696E7420783D223539302220793D22323137223E3C2F6F6D6764693A776179706F696E743E0A0909093C2F62706D6E64693A42504D4E456467653E0A0909093C62706D6E64693A42504D4E456467652062706D6E456C656D656E743D22666C6F7734222069643D2242504D4E456467655F666C6F7734223E0A090909093C6F6D6764693A776179706F696E7420783D223334352220793D22323137223E3C2F6F6D6764693A776179706F696E743E0A090909093C6F6D6764693A776179706F696E7420783D223432302220793D22323137223E3C2F6F6D6764693A776179706F696E743E0A0909093C2F62706D6E64693A42504D4E456467653E0A09093C2F62706D6E64693A42504D4E506C616E653E0A093C2F62706D6E64693A42504D4E4469616772616D3E0A3C2F646566696E6974696F6E733E, '0');
INSERT INTO `ACT_GE_BYTEARRAY` VALUES ('11', '1', '/bpmn/SalaryAdjust.bpmn', '7', 0x3C3F786D6C2076657273696F6E3D22312E302220656E636F64696E673D225554462D38223F3E0A3C646566696E6974696F6E7320786D6C6E733D22687474703A2F2F7777772E6F6D672E6F72672F737065632F42504D4E2F32303130303532342F4D4F44454C220A09786D6C6E733A7873693D22687474703A2F2F7777772E77332E6F72672F323030312F584D4C536368656D612D696E7374616E63652220786D6C6E733A61637469766974693D22687474703A2F2F61637469766974692E6F72672F62706D6E220A09786D6C6E733A62706D6E64693D22687474703A2F2F7777772E6F6D672E6F72672F737065632F42504D4E2F32303130303532342F44492220786D6C6E733A6F6D6764633D22687474703A2F2F7777772E6F6D672E6F72672F737065632F44442F32303130303532342F4443220A09786D6C6E733A6F6D6764693D22687474703A2F2F7777772E6F6D672E6F72672F737065632F44442F32303130303532342F44492220747970654C616E67756167653D22687474703A2F2F7777772E77332E6F72672F323030312F584D4C536368656D61220A0965787072657373696F6E4C616E67756167653D22687474703A2F2F7777772E77332E6F72672F313939392F585061746822207461726765744E616D6573706163653D22687474703A2F2F7777772E61637469766974692E6F72672F74657374223E0A0A093C70726F636573732069643D2253616C61727941646A75737422206E616D653D22E896AAE8B584E8B083E695B4223E0A09093C73746172744576656E742069643D2273746172746576656E743122206E616D653D225374617274223E3C2F73746172744576656E743E0A09093C757365725461736B2069643D22757365727461736B3122206E616D653D22E5A1ABE58699E8B083E695B4E794B3E8AFB7223E3C2F757365725461736B3E0A09093C757365725461736B2069643D22757365727461736B3222206E616D653D22E680BBE79B91E5AEA1E689B9220A09090961637469766974693A63616E64696461746547726F7570733D226469726563746F72223E3C2F757365725461736B3E0A09093C757365725461736B2069643D22757365727461736B3322206E616D653D22E4BABAE4BA8BE5AEA1E689B9220A09090961637469766974693A63616E64696461746547726F7570733D226872223E3C2F757365725461736B3E0A09093C757365725461736B2069643D22757365727461736B3422206E616D653D22E88081E69DBFE5AEA1E689B9220A09090961637469766974693A63616E64696461746547726F7570733D22626F7373223E3C2F757365725461736B3E0A09093C656E644576656E742069643D22656E646576656E743122206E616D653D22456E64223E3C2F656E644576656E743E0A09093C63616C6C41637469766974792069643D2263616C6C61637469766974793122206E616D653D22E7B3BBE7BB9FE8AEB0E5BD95E896AAE8B584220A09090963616C6C6564456C656D656E743D22436F756E7453616C617279223E3C2F63616C6C41637469766974793E0A09093C73657175656E6365466C6F772069643D22666C6F773122206E616D653D222220736F757263655265663D2273746172746576656E7431220A0909097461726765745265663D22757365727461736B31223E3C2F73657175656E6365466C6F773E0A09093C73657175656E6365466C6F772069643D22666C6F773222206E616D653D222220736F757263655265663D22757365727461736B31220A0909097461726765745265663D22757365727461736B32223E3C2F73657175656E6365466C6F773E0A09093C73657175656E6365466C6F772069643D22666C6F773322206E616D653D222220736F757263655265663D22757365727461736B32220A0909097461726765745265663D22757365727461736B33223E3C2F73657175656E6365466C6F773E0A09093C73657175656E6365466C6F772069643D22666C6F773722206E616D653D222220736F757263655265663D22757365727461736B33220A0909097461726765745265663D2263616C6C616374697669747931223E3C2F73657175656E6365466C6F773E0A09093C73657175656E6365466C6F772069643D22666C6F773822206E616D653D222220736F757263655265663D2263616C6C616374697669747931220A0909097461726765745265663D22757365727461736B34223E3C2F73657175656E6365466C6F773E0A09093C6578636C7573697665476174657761792069643D226578636C7573697665676174657761793122206E616D653D224578636C75736976652047617465776179223E3C2F6578636C7573697665476174657761793E0A09093C73657175656E6365466C6F772069643D22666C6F773922206E616D653D222220736F757263655265663D22757365727461736B34220A0909097461726765745265663D226578636C75736976656761746577617931223E3C2F73657175656E6365466C6F773E0A09093C73657175656E6365466C6F772069643D22666C6F77313022206E616D653D222220736F757263655265663D226578636C75736976656761746577617931220A0909097461726765745265663D22656E646576656E7431223E0A0909093C636F6E646974696F6E45787072657373696F6E207873693A747970653D2274466F726D616C45787072657373696F6E223E3C215B43444154415B0A20202020090909247B70617373203D3D20747275657D0A0909095D5D3E3C2F636F6E646974696F6E45787072657373696F6E3E0A09093C2F73657175656E6365466C6F773E0A09093C736572766963655461736B2069643D22736572766963657461736B3122206E616D653D22E58F96E6B688E8B083E695B4220A09090961637469766974693A65787072657373696F6E3D22247B70726F63657373536572766963652E63616E63656C41646A75737428657865637574696F6E297D223E3C2F736572766963655461736B3E0A09093C73657175656E6365466C6F772069643D22666C6F77313122206E616D653D222220736F757263655265663D226578636C75736976656761746577617931220A0909097461726765745265663D22736572766963657461736B31223E0A0909093C636F6E646974696F6E45787072657373696F6E207873693A747970653D2274466F726D616C45787072657373696F6E223E3C215B43444154415B0A20202020090909247B70617373203D3D2066616C73657D0A0909095D5D3E3C2F636F6E646974696F6E45787072657373696F6E3E0A09093C2F73657175656E6365466C6F773E0A09093C73657175656E6365466C6F772069643D22666C6F77313222206E616D653D222220736F757263655265663D22736572766963657461736B31220A0909097461726765745265663D22656E646576656E7431223E3C2F73657175656E6365466C6F773E0A093C2F70726F636573733E0A093C62706D6E64693A42504D4E4469616772616D2069643D2242504D4E4469616772616D5F53616C61727941646A757374223E0A09093C62706D6E64693A42504D4E506C616E652062706D6E456C656D656E743D2253616C61727941646A757374220A09090969643D2242504D4E506C616E655F53616C61727941646A757374223E0A0909093C62706D6E64693A42504D4E53686170652062706D6E456C656D656E743D2273746172746576656E7431220A0909090969643D2242504D4E53686170655F73746172746576656E7431223E0A090909093C6F6D6764633A426F756E6473206865696768743D223335222077696474683D2233352220783D223138302220793D22323030223E3C2F6F6D6764633A426F756E64733E0A0909093C2F62706D6E64693A42504D4E53686170653E0A0909093C62706D6E64693A42504D4E53686170652062706D6E456C656D656E743D22757365727461736B31222069643D2242504D4E53686170655F757365727461736B31223E0A090909093C6F6D6764633A426F756E6473206865696768743D223535222077696474683D223130352220783D223235302220793D22313930223E3C2F6F6D6764633A426F756E64733E0A0909093C2F62706D6E64693A42504D4E53686170653E0A0909093C62706D6E64693A42504D4E53686170652062706D6E456C656D656E743D22757365727461736B32222069643D2242504D4E53686170655F757365727461736B32223E0A090909093C6F6D6764633A426F756E6473206865696768743D223535222077696474683D223130352220783D223430302220793D22313930223E3C2F6F6D6764633A426F756E64733E0A0909093C2F62706D6E64693A42504D4E53686170653E0A0909093C62706D6E64693A42504D4E53686170652062706D6E456C656D656E743D22757365727461736B33222069643D2242504D4E53686170655F757365727461736B33223E0A090909093C6F6D6764633A426F756E6473206865696768743D223535222077696474683D223130352220783D223430302220793D22323830223E3C2F6F6D6764633A426F756E64733E0A0909093C2F62706D6E64693A42504D4E53686170653E0A0909093C62706D6E64693A42504D4E53686170652062706D6E456C656D656E743D22757365727461736B34222069643D2242504D4E53686170655F757365727461736B34223E0A090909093C6F6D6764633A426F756E6473206865696768743D223535222077696474683D223130352220783D223536302220793D22313930223E3C2F6F6D6764633A426F756E64733E0A0909093C2F62706D6E64693A42504D4E53686170653E0A0909093C62706D6E64693A42504D4E53686170652062706D6E456C656D656E743D22656E646576656E7431222069643D2242504D4E53686170655F656E646576656E7431223E0A090909093C6F6D6764633A426F756E6473206865696768743D223335222077696474683D2233352220783D223839302220793D22323030223E3C2F6F6D6764633A426F756E64733E0A0909093C2F62706D6E64693A42504D4E53686170653E0A0909093C62706D6E64693A42504D4E53686170652062706D6E456C656D656E743D2263616C6C616374697669747931220A0909090969643D2242504D4E53686170655F63616C6C616374697669747931223E0A090909093C6F6D6764633A426F756E6473206865696768743D223535222077696474683D223130352220783D223536302220793D22323830223E3C2F6F6D6764633A426F756E64733E0A0909093C2F62706D6E64693A42504D4E53686170653E0A0909093C62706D6E64693A42504D4E53686170652062706D6E456C656D656E743D226578636C75736976656761746577617931220A0909090969643D2242504D4E53686170655F6578636C75736976656761746577617931223E0A090909093C6F6D6764633A426F756E6473206865696768743D223430222077696474683D2234302220783D223733302220793D22313937223E3C2F6F6D6764633A426F756E64733E0A0909093C2F62706D6E64693A42504D4E53686170653E0A0909093C62706D6E64693A42504D4E53686170652062706D6E456C656D656E743D22736572766963657461736B31220A0909090969643D2242504D4E53686170655F736572766963657461736B31223E0A090909093C6F6D6764633A426F756E6473206865696768743D223535222077696474683D223130352220783D223738302220793D22313230223E3C2F6F6D6764633A426F756E64733E0A0909093C2F62706D6E64693A42504D4E53686170653E0A0909093C62706D6E64693A42504D4E456467652062706D6E456C656D656E743D22666C6F7731222069643D2242504D4E456467655F666C6F7731223E0A090909093C6F6D6764693A776179706F696E7420783D223231352220793D22323137223E3C2F6F6D6764693A776179706F696E743E0A090909093C6F6D6764693A776179706F696E7420783D223235302220793D22323137223E3C2F6F6D6764693A776179706F696E743E0A0909093C2F62706D6E64693A42504D4E456467653E0A0909093C62706D6E64693A42504D4E456467652062706D6E456C656D656E743D22666C6F7732222069643D2242504D4E456467655F666C6F7732223E0A090909093C6F6D6764693A776179706F696E7420783D223335352220793D22323137223E3C2F6F6D6764693A776179706F696E743E0A090909093C6F6D6764693A776179706F696E7420783D223430302220793D22323137223E3C2F6F6D6764693A776179706F696E743E0A0909093C2F62706D6E64693A42504D4E456467653E0A0909093C62706D6E64693A42504D4E456467652062706D6E456C656D656E743D22666C6F7733222069643D2242504D4E456467655F666C6F7733223E0A090909093C6F6D6764693A776179706F696E7420783D223435322220793D22323435223E3C2F6F6D6764693A776179706F696E743E0A090909093C6F6D6764693A776179706F696E7420783D223435322220793D22323830223E3C2F6F6D6764693A776179706F696E743E0A0909093C2F62706D6E64693A42504D4E456467653E0A0909093C62706D6E64693A42504D4E456467652062706D6E456C656D656E743D22666C6F7737222069643D2242504D4E456467655F666C6F7737223E0A090909093C6F6D6764693A776179706F696E7420783D223530352220793D22333037223E3C2F6F6D6764693A776179706F696E743E0A090909093C6F6D6764693A776179706F696E7420783D223536302220793D22333037223E3C2F6F6D6764693A776179706F696E743E0A0909093C2F62706D6E64693A42504D4E456467653E0A0909093C62706D6E64693A42504D4E456467652062706D6E456C656D656E743D22666C6F7738222069643D2242504D4E456467655F666C6F7738223E0A090909093C6F6D6764693A776179706F696E7420783D223631322220793D22323830223E3C2F6F6D6764693A776179706F696E743E0A090909093C6F6D6764693A776179706F696E7420783D223631322220793D22323435223E3C2F6F6D6764693A776179706F696E743E0A0909093C2F62706D6E64693A42504D4E456467653E0A0909093C62706D6E64693A42504D4E456467652062706D6E456C656D656E743D22666C6F7739222069643D2242504D4E456467655F666C6F7739223E0A090909093C6F6D6764693A776179706F696E7420783D223636352220793D22323137223E3C2F6F6D6764693A776179706F696E743E0A090909093C6F6D6764693A776179706F696E7420783D223733302220793D22323137223E3C2F6F6D6764693A776179706F696E743E0A0909093C2F62706D6E64693A42504D4E456467653E0A0909093C62706D6E64693A42504D4E456467652062706D6E456C656D656E743D22666C6F773130222069643D2242504D4E456467655F666C6F773130223E0A090909093C6F6D6764693A776179706F696E7420783D223737302220793D22323137223E3C2F6F6D6764693A776179706F696E743E0A090909093C6F6D6764693A776179706F696E7420783D223839302220793D22323137223E3C2F6F6D6764693A776179706F696E743E0A0909093C2F62706D6E64693A42504D4E456467653E0A0909093C62706D6E64693A42504D4E456467652062706D6E456C656D656E743D22666C6F773131222069643D2242504D4E456467655F666C6F773131223E0A090909093C6F6D6764693A776179706F696E7420783D223735302220793D22313937223E3C2F6F6D6764693A776179706F696E743E0A090909093C6F6D6764693A776179706F696E7420783D223735302220793D22313437223E3C2F6F6D6764693A776179706F696E743E0A090909093C6F6D6764693A776179706F696E7420783D223738302220793D22313437223E3C2F6F6D6764693A776179706F696E743E0A0909093C2F62706D6E64693A42504D4E456467653E0A0909093C62706D6E64693A42504D4E456467652062706D6E456C656D656E743D22666C6F773132222069643D2242504D4E456467655F666C6F773132223E0A090909093C6F6D6764693A776179706F696E7420783D223838352220793D22313437223E3C2F6F6D6764693A776179706F696E743E0A090909093C6F6D6764693A776179706F696E7420783D223930372220793D22313437223E3C2F6F6D6764693A776179706F696E743E0A090909093C6F6D6764693A776179706F696E7420783D223930372220793D22323030223E3C2F6F6D6764693A776179706F696E743E0A0909093C2F62706D6E64693A42504D4E456467653E0A09093C2F62706D6E64693A42504D4E506C616E653E0A093C2F62706D6E64693A42504D4E4469616772616D3E0A3C2F646566696E6974696F6E733E, '0');
INSERT INTO `ACT_GE_BYTEARRAY` VALUES ('12', '1', '/bpmn/Vacation.Vacation.png', '7', 0x89504E470D0A1A0A0000000D49484452000002D0000000A0080600000025EA5B740000276C4944415478DAED9D0B7414F5F5C7C78021602C11238793A63515CE1F3C688B064302E11D094AF8E3032AC752A43EA85410E5519047A40623183085800884875423F20703222270241A94408882723C94528E1CB1E2F1D552848828F73F77B2B34E36BB796F76927C3EE7DCB3B3B3B333B3B3B3F77EF7CEFDDD310C00000000000000000000000000000000000000000000000000000000000068BC8814442C5D3A6DCAE8D169871212BA964644848BCEC6EADF5AB408BBD8B163EC97BD7A75DBD6B1E3D5FD39FB000000001A19AB56CD7EB07FFFEE67E3E2622423639C14142C97D2D2BD22528205C1F4D81615AD91ACAC89D2B9F3D5E76362AE3A647E0DD771260200000034027273D33777E870A564674F920B17F62370436039397F96A8A8C8736DDA840FE38C0400000070B978EED4E917563614211B5A3B7CF865898E8EFAAFF9B5A4716602000000B8102DDBD0CC33E2D95D22BA75EBF07F1B947300000000B80B1D30A835CF5AB68170759765654DFCBA65CB96BB394B010000005C8476DBD00183D43CBBD3DAB56B7BD2FC9A123953010000005C82B6AAD36E1B885577DA8409230F985F5316672A000000804BD03ECFDAAAAEBA826EC58A74494B1B24A9A90365E0C0BE72734A5FC9593C1DB11B247BFBED159F995FD301CE540000000097A03749A96E9FE735AB9F9021B7A6CA9D770CB56C68DA2D9292D24F92926E92C588E8A0F58936BFA60B9CA900000000EEA1DA626E706A8A259C6FBEB9BFD7060D1A20BD7AF63045743C8237486694DDB510000000001A9B804EEE9528CF2C9C275B5FDD244B97645B99E7DEC949D6FCA4A4EE0C4444400300000020A09D76DF7DBF9353FF3A297B0ADF94EDAF6F9175CFE7CAE6FC0DF2CF637F973F8DFB83FCF043318217010D0000008080B66DE68CF1B2AFA850F6EFDB23EFBF576C994EEFDFFFAECC9CF9306217010D0000008080B64DCB3366CC7840C63E30468A8BF7CAE10F0F5AF6DE7BFB65C2F83FCAE44963E4BBEF8A10BC08680000000004F4F9F345B271E3024948B8518EFDE3884C7A747C392B29D927DDE3BBC98B2F6456BBA307868006000000689202FAE2C503F2EA96BF4ACFA404397EECA87CF8C1FBB26BE736C97FE565C97B71ADE4AE7CD614D7795639478F1EF1B27EFD7C6AA111D000000000CD5740EF295C63F57A56D1BC7BF74E7965D37A4B38AF59BD5C9E5BB658B29F992F4F65FEC51A50B8ECD945D2AF6FB26C7B2D07E18B8006000000689E027AE68C2956A70D15CAAB729759B6FCB91CC959BC50166465CA93731F97F4D9D365CAE487E5F1F4C74CF19C2F53A730A010010D000000D06C05F454AB65DD88E1B7CB4B79CF5BC259C5F4FC79193237235D9E9E3FD712D12AAAD3860C969D3B5E3305F444842F021A000000A0790AE843875E95C7A64F92DF8E186609642DDDF0678989DDE5F7A3EE92F4D9D3A4A46433C217010D000000D03C05B4D5C2EEFB62F9F6DB7725EBE9C93238B58F24F74AB0EE3C98D8235E9212E3A56F9F447964E23D72FA74A1B52CA217010D000000D018D9655A727D08680C010D000000D01CB085970AE9440434021A00000000AA27A06DDB6EF8CF48235211D000000000E047403B33D2C9A116D0870FBF6CED8FDE22FCCC9942AF1D3B962F25257FABF4BD9F7EFA7AB9E767CFBE23C78F6FA954802E5D3AAD4A913A6DDA3DDEE9EDDB177BA70F1ECC434003000000346301EDCC4827864A40EB7667CDBACF9A2E2E5E27A74FBF6D09689D3F72E420EF725F7DF5A6AC5F9F293D7BFE5AF2F29E94D5ABD3AD65B66ECDB61EC78EBD43F2F31778C5B8BE67EFDED5B26DDB22193366A8F5181BDB5E1213AFB7A6D5B66C7946AEB9E6E715F667EDDA39DEE90D1BE6559846403709C238040000D014841C16620B55F6D9373BDCBE7D3B494EEE165044AAF8B5A73FFA6883F5F8C20B19F2D9676F58D32AB6FD89DE56ADC2252BEBA7DED4975EDAD22BDE3FF9649BB55E7DCF800137C9A64D4F5BD39A09B7D775E4C846F9E08397422DA0B1FA3344340000340A010DEEF9E372C0B434D35ADACB35A41854C16A0BDCAE5DAF919494046BBE6697755A1F2FBBACB57CFEF94EBF02FAFCF9226B5AB3D28623031D13739577D9D2D2BD96485741AD6678B2CB3AADA51ECE650365A0AFB8E26756A65AA777ED7AD67AD4E764A01B3DFF312D8AC30000000868A88E80F615CE462804B4668B35037CE2C4566BBF5450B76D1B298B164DF12EA3D95E7DEDADB7565882D92ED1D0F20DCD56EBB45DEEA142DC16C94ED1ADCF558CDB825BD7A1D35ADBAC02DD9F48EDDCF96AEFB6ED3A6C9DBEE186CE9470341D4E9816C76100000004345426A08B4CBBCD8F700E898056FBE69BDDD6BE69DDB38A5FAD5D56716BDB8E1D4B2CA15D5909872DAAB5CE59A7DF79675585E5B51CC42ECFB8FFFEDBAC69CD3EDF7E7B7FEF72FBF6AD9551A36EF50A76E7FAED692DEB404037190E99D68DC30000000868F047A08C734805F48F3F165B8250EB92B50C434B2A66CCB8D7AA33363C35CD2AAAB5B386AF88D46CB50A6B5D87B3D65985B83FC1ED14C1B6F8D6720CCD787BEFB2E8E90262F80C1C74BE57F7CDDE2602BAD1F39669FD380C00008080863A7D3F0D2D0855F0DAD33A18D02988FD657BB59C425F1B36ACAF35B84FCB30ECCCB266A0B5365933C9BEA2536BAA7D33D0D1D1513279F2A82A6BA0B5759D7607D1697B90E2D1A3AF20A01B3F9B8DB22B32914659298766A33B7058000000010DAE15D0DAC359B7F9CB5F76B032D04E31ED14D03AFDC517BBACBA669D2E2C5CE957583AB3C6BA7C551D3CFC89795B206BD6D9CE901B8E2E2176D710BB4F3402BAD19062DA56D30A4C3B6CDAC7A69D33CA8F0DB8605A2C870A000010D0E05A01ED7B2394F8F86BBD3D9A35936CF76AEED3E7C60A3754D1DA691DD0376448B2B5CCDD770F967BEFFD5F6B5AFB446B794620016ADF18C59FE96B8663E0A0536CEB6BA9A949D63603097404B46BD12CF349A3F296762B394C0000808006D70BE886B650D62F23A043CE982A0474770E11000020A00101DDC48CDF509D290A209E0F7268000000010D0868043454A45B0001FD208706000010D080804640837F56FA8867AD8D8EE0B0000000021A10D00868F04FB469671C027A0E8704000010D08080464043E53CE210D09D381C00008080060434021A2A47EFCAF94FD3CE7228000000010D08680434548F3B8DB2520E000000043420A011D00D79D214442C5D3A6DCAE8D169871212BA9646448457D66B19AB83B5681176B163C7D82F7BF5EAB6AD63C7ABFBE3B2000010D08080C61A99805EB56AF683FDFB773F1B1717231919E3A4A060B99496EEE5BB0A92E9B12D2A5A23595913A573E7ABCFC7C45C75C8FC1AAEC375010020A001018D3502019D9B9BBEB943872B253B7B925CB8B09FEF27049693F367898A8A3CD7A64DF830DC170000021A4240AB56E117C91EBAD7CE9D7BF784F9355D708B78EED4E917563694EF26B476F8F0CB121D1DF55FF36B49C38B010020A0A181B9F6DA5F7DAE97E01125EEB4CD9B17BC667E4D07427D9E68D986669E11CFEE12D1AD5B87FFDBA09C030000010D0D4BEFDE376CD43A5604893B6DE8D0DE79E6D79415D21FB0144468CDB3966DF09DB8CBB2B2267EDDB265CBDD7832000004343420B1B15726C4C6B6FF9E7A5657DAC76161611F995F536228CF11EDB6A103063947DC69EDDAB53D19EA7304000010D0CD8E9898AB4AC82EBACFD2D27AAF30BF9E5DA13E3FB4551D5729DC6B13268CD4129F2C3C190000021A1A962E6DDB5E7696FA56F75841C18ACDE6F772CA70417DABF679AE499DFC8A15E9A6F81F24A9A90365E0C0BE72734A5FC9593C9DEF3548F6F6DB2B3E335C50270F000008E8E6484AFBF6EDFE83887687780E0B0B3B6EB8A4C382DE24A5BA9D5AD6AC7E4286DC9A2A77DE31D4B2A169B7484A4A3F494ABA491623A283D627DA7049A71697116DDA48A32C3B5F60DA49A3FC4D6AF40F6A91692B4DBBDFB4380E190020A0A156223A3CFCD2D39999E3BFA6DE353435CF9EB28D5386BBDA9355FB330C4E4DB184F3CD37F7F7DAA04103A457CF1EA6888EE73BE676EF0DE2C74CCB37ADD4A8D95D1F2F7804F518D35A72180100010D35A14B8B1697EC888C6CF3C5D8B177BCFFC61B4B4ED1273AB87D9EB5559D76DBF00C18D49A67B7B525ABF6E749EE9528CF2C9C275B5FDD244B97645B99E7DEC949D6FCA4A4EE0C4444400793EE4659294B7DDC42FD88272B0D008080861AD1CDB40CD3F6D4229383D52CEB650F02736B27856A0BB9FBEEFB9D9CFAD749D953F8A66C7F7D8BAC7B3E5736E76F907F1EFBBBFC69DC1FE4871F8A11BC08E860F094E7B7E4FBDBDA6EDA1CD3FA99D6C9B448CFF2114659C986FEE6667996F3E7E7747E2CE1000010D0001034013D73C678D9575428FBF7ED91F7DF2BB64CA7F7EF7F5766CE7C18B18B80AE6F541017F888DE339E3FA471355C579469D34D3BE6B3BE7F7B04380000021A00EA57406B79C68C190FC8D807C64871F15E39FCE141CBDE7B6FBF4C18FF47993C698C7CF75D118217015D9FE2798F8FD8D51AE64E755CAFD63F3F6294CF68AB281F8E2B0000043400D49B803E7FBE48366E5C20090937CAB17F1C91498F8E2F672525FBA47B7C3779F1854CA1A61E015D4FF8669EE718F53BF8AF8B69871DEBD7128F34DC010020A001A0CE02FAE2C503F2EA96BF4ACFA404397EECA87CF8C1FBB26BE736C97FE565C97B71ADE4AE7CD614D7795639478F1EF1B27EFD7C6AA111D075E5291FF11CACECB066B9B71BE533D15D700900808006803A09E83D856BAC5ECF2A9A77EFDE29AF6C5A6F09E735AB97CB73CB164BF633F3E5A9CCBF58030A973DBB48FAF54D966DAFE5207C11D0B545BB6D38CB2BE604797B3AE0709751BE7F74346E010010D000506B013D73C614ABD3860AE555B9CB2C5BFE5C8EE42C5E280BB232E5C9B98F4BFAECE93265F2C3F278FA63A678CE97A95318508880AE35078DF235CF0DD1B35905F3978EED66E3160000010D007510D053AD96752386DF2E2FE53D6F096715D3F3E765C8DC8C74797AFE5C4B44ABA84E1B325876EE78CD14D01311BE08E8DA9062942FA7E8D480DB4EF3D9761CAE010010D000502B017DE8D0ABF2D8F449F2DB11C32C81ACA51BFE2C31B1BBFC7ED45D923E7B9A94946C46F822A06BC3568788CD0AC1F6F343BC7D00404003405310D0560BBBEF8BE5DB6FDF95ACA727CBE0D43E92DC2BC1BAF360628F78494A8C97BE7D12E59189F7C8E9D385D6B2885E04742DD0320AFB66275A031D17827DE86E94EF0F1D857B0000043400D44A406308E83AA283F492AB5866A451FE0E81A1C279A395DB700F00808006000434023A5471423C423AD02DEDB38C86EBBC5119190683090100010D00086804B44B04B433C3EC9B9176DE38253984FB3ADC47F0030020A00120F8025AD73961C25DD55EFE851732E49A6B7E1EF0F5E3C7B758EB3C7BF61DCBB66C79463A77BEDAFBFA89135BCB2D5F5CBC4E3EF8E0256B5A1FF54E8ABEA6EB7BEBAD1501F77FE9D269557EC669D3EEF14E6FDFBED83B7DF0601E02BA7201ED14A8B6583EE998DF2984FB7A9D51BE27340000021A001A46400F1BD6B7DACB77E870A5F4E97363A5CBA860D6658E1DCBB7D69F9292205BB766CBB66D8BACE7AB57A757D80715C8FA387AF410292C5C692DA3CFE7CC192B77DF3D5876ED7AD65A76EFDED5D67AC68C196A3DC6C6B697C4C4EBAD693515ECBE025FD7B376ED1CEFF4860DF32A4C23A0AB14D0CE8CB4F3796408F735C2675F000010D000D030023A26E6AA80AFFFF86371B96CF0E597B791214392BDCFBFF966B7256A9D196515D9FBF6AD951B6EE86CBDBF458B30E9DAF51A2BFBAC59696FC7900BFBAD479DA7CBEBBE7CF1C52EC9CD9D2D975DD6DA12C42A70E3E262CAEDAF53F4B66A152E59593FF5B2BEF4D296326BD67DD6F4279F6CF38AF601036E924D9B9EB6A655D8DBEB3A7264A337035E8F02BA39999B043F0000021A00822BA055DCEA3ADBB68D0CB8CC993385929CDC4D860EED63658175F951A36EB5A6D532331F12E77E9594FCCD7AAEE2559FEFD8B1C47A6E0BE4AFBE7AD3BBEC471F6DB0E67DFAE9EBB27BF773DED7F5313F7F81B58C6EC3B97FA5A57BE5F0E197ADE5EC6535BBACD35A3EE2EFCF80E19381BEE28A9F59996A9DB63F933E27035D41903AED80517603939606196800404003407315D05AFF6B7832D02AA6AB2B10D7AFCFF43E57E1E9CC106B96574B388E1E7D457EF39BFF91279E78D0FB9A2DA23533ED5CDFD4A9A3BDE51E2AA6F571C68C7BAD8C755EDE93E5D66FBF47E7DBF5D12AB6755A6B9B3573ED6F9F759F34D3ACD32AF2EDF9CE7D4140FB15D04EE16C430D340020A001A0790A685D9F9663D8C2B62A11AD82D6F0943DD8F3B4065933D4CEE5B4DE594B3D1E7DF46EAB56D9AE57D6F7AAC0F6B71F9F7FBED3BB6E7D4C48E86ABD47C5FDEDB7F7AFB0BC6ED35EE7FDF7DFE67759FD5C9A2D371C83100D47763BD0FE20A02D2B32CA7A2BB7F4B30C5D380000010D00CD4F40DBE51B9AC9B585DFC2858F56290EE7CD9B5061DE881129E5E6A998D59A67FB757BD0A1E1532AE1AC51D6D20C7DD4CCB59673D8D965AD6F5671EDBB4DA708D675F82BF7D01A6B2D41317C060E3ADFAB82BDBAD9F76622A0FD659C7DC931DCD1077A8E633F72700F0080800680A00A685DD7B871C3BDCF55B83A05B5BFCE1AB628F65DCFBA754F54C8405F7F7DA70AAF1B8E1672CEF7F7ECF96BABAC425F53516D0B697DD4018976C985F33DDAD9C337031D1D1D2593278FAAB2065A4B5774B0A34E7FF6D91BDEED21A0ABCD28C31D77223CECD88FE1B8070040400340D004B4E11908E83BDF1E58171F7F6DB96E192A4E75E09DFD5C07ECA948B65BCF69C6D8B91ECD186BF657B3BEDA25436B8FB51E5ACB4574A09FBF7A6615BFA74FBFEDEDC4A1DBD769BBAF7476F6A4809FC5CE40FB9AAECF16C89A75B6B3EEF671D4471D906838FA4423A0AB45AC69A59ECF7AC1B4E810EC83B3FEB93444FB000008680068EA025A85A9B67973B69DF3357DCDF00CE65311AB03F8B417B3EF7276B78DB163EF28375F05E93BEFACB232D0BE2521F6A04567965897D7B20B2DB5B0DBCBD9A2D7EE4F6DCF0F24587DB3DA4ED3D70CC7C041A7D8D6D75253932C61AFC706015D239C75D0B342B0FD358EEDAFC1350000021A008222A09BA2D567FD3202BA4638CB38B42B4743B6B3EB629465BEEDED77C3350000021A0010D08DD49A919FD54186CE1AE4E90DB86D67F63B1FB70000086800404023A01B0BCE2CB466841B2213FC88CF36AFC32D0000021A0010D008E8C6C45687A03D625A5410B735D2285FBAF1202E010010D0008080464037363A98F6A551FE8626114112CF670C060E0200021A0010D008E82640A269FF76885BAD518EADC7F56BD98633F3ACBDA72371070080800600043402BA31A3B7FD2E75885CCD16D7F5E626DA6D638F639D88670040400300021A01DDA44831CA9759D88237B986EBD181815AA271C1675D6B10CF0080800600043402BAA9A159E3933EC257ED63D39E32CA3A7768B70EBB4E3AC22398355B3DC7B4837EDEAB429A01830080800600043402BAC912E911CB67FC88E19A5ABE41AB3A0040400300021A01DD4CD081841946F90186D531ADA5D6720DEE300800086800A81BAD5A855F2C2DDD8B5075A99D3BF7EE09A3ACDC00CAA3651A5A1F9D6594D544FB96789C32CADADFE51865EDEAA23964CD221D5010B174E9B429A347A71D4A48E85A1A11115ED7CB1558006BD122EC62C78EB15FF6EAD56D5BC78E57F7E7EC4340E35FB0E6E45FAEBDF6579F17142C47ACBAD4366F5EF09AF9351DC0730154C1AA55B31FECDFBFFBD9B8B818C9C81827EAD8C80E04CFF4D81615AD91ACAC89D2B9F3D5E76362AE3A64501B8580C6BF60CDC4BFF4EE7DC3463D17F8BEDC694387F6CEF36459012010B9B9E99B3B74B852B2B327C9850BFB711E21B09C9C3F4B5454E4B9366DC287714622A0F12F5853F72FB1B15726C4C6B6FF9E73C295F6715858D84746D94D4500205070EBD4E91756B602A7115A3B7CF865898E8EFAAFF9B5A4716622A0F12F5853F72F31315795E81F2BBE1F77595A5AEF1546591D2F00F8432FAB6A6688E0E6AE20D7BA75B88EF2A59C03018D7FC19ABA7FE9D2B6ED65673947DC6305052B361B6503E18841007ED5871444684D22FFFEDD67595913BF6ED9B2E56ECE520434FE056B06FE25A57DFB76FF4144BB433C8785851D37B80A0A10181D0DAF037AA83F73A7B56BD7565BE3507F8680C6BF60CDC1BFA484875F7A3A3373FCD79C33A1A979F6946D9C423C035481B6926204B47B6DC28491DA3E8811D0FE19EC11D0833914F817ACC9F8972E2D5A5CB22332B2CD1763C7DEF1FE1B6F2C3945A796E0F679D65675DA6DC33360506B9E29DB00A80AEDC35A931E9C2B56A44B5ADA20494D1D280307F6959B53FA4ACEE2E938A220D9DB6FAFF8CCA007A7DF4C95517627A86CCF23D912FC0BD6B4FC8BDEB14DEFF8B6C728BB8B1BBDBD8363173CE74096C1D54E80EAA33731A8EEBFFB35AB9F9021B7A6CA9D770CB56C68DA2D9292D24F92926E92C504B9A0F57135B80B5420F19CE6C8447F8988C6BF60F89710B3D7B41F380CD09888346DB869CB8CB25B2A7EEC710ACE5B2AEABFD895A68D31CAEE650E6554DBD90E4E4DB102DBCD37F7F7DAA04103A457CF1E66908B272005C90CEA7C2B13CF55CD07FC0B867F6908EE77680E3406B89EEEA6AD31CA2EEF149936DD1348E34C6BE9584E4FE664D3C69B96EF595EEB7C6EF3598E00578925F74A946716CE93ADAF6E92A54BB2ADCC50EFE4246B7E525277060A11E082CDE02A44B2FD3A35D1F8170CFFD29044186557C1ECE399CD2101B7A282F825CF093BA716FFF6F4641FE911DD079B79C0ADB6A3BDEFBEDFC9A97F9D943D856FCAF6D7B7C8BAE7736573FE06F9E7B1BFCB9FC6FD417EF8A1988044800BB678AEEAB74A261AFF82E15F1A9A3946F9BAE233A6457158C06D0CF708E7EC7A3A41350B7DCA93C98E24C005B69933C6CBBEA242D9BF6F8FBCFF5EB1653ABD7FFFBB3273E6C30423025CB048A96166B9A6CB03FE05FF027549E8F91BE4389E43036E62965156DF5CDFD9A5688F803E665A07025C45D3CBA733663C20631F1823C5C57BE5F087072D7BEFBDFD3261FC1F65F2A431F2DD77450424025CB0C4735A2DDE7706118D7FC1F02F4126C7F0DFDD421373111C1E7093788E0BE2369EF264B73B11E07EB2F3E78B64E3C605929070A31CFBC71199F4E8F8725652B24FBAC77793175FC814FA7512E05C209EEBEBFD807FC1BF406568DBB70B46E01671F81E0839C31B403CDB4CF16CABB964A22B75AE172F1E9057B7FC557A2625C8F16347E5C30FDE975D3BB749FE2B2F4BDE8B6B2577E5B366F0CBB32EB7F6E8112FEBD7CFA7569100571F543560B0A1D703F817FC0BF8526054DE63791787084249AC272BDC90976235DBADDD3A9A43878E4A9DEB9EC235562F560D6ABB77EF945736ADB702DB9AD5CBE5B9658B25FB99F9F254E65FAC013FCB9E5D24FDFA26CBB6D772084C04B8FA10BDF5F59B27138D7FC1F02FF58DDEE8E5A027E1F6712599E8EE1C2A0815FF6784A6258C76E8680E8300AA18D833C51A09AF816C55EE32CB963F9723398B17CA82AC4C7972EEE3923E7BBA4C99FCB03C9EFE9819DCF265EA1406FC10E0EA2C766DF17C8969F7781E6B82EFFB1858887FC1F02FC146CB40FF62945D2D574B361AE6CA394005BA7BB2CFA16807D3C5B3EDE8E61DE0A65A2DA5460CBF5D5ECA7BDE0A6C1AECE6CFCB90B919E9F2F4FCB95690D3A0973664B0ECDCF19A19E02612980870F5912956F1BBCAF3F957D54044077A1F221AFF8221A083C912D31EE230801BD0CE18B342B8FD659E7F94CD36C01D3AF4AA3C367D92FC76C4302B80E9A5557F9698D85D7E3FEA2E499F3D4D4A4A36139808707515CF862783ECBC145A1D11ED14CFB68D76BC4E4D34FE054340078B753EFE062024684F66EDAD18CA5B6276F264A19B722D74D52DA6BE2F966FBF7D57B29E9E2C8353FB4872AF04EBCE60893DE22529315EFAF649944726DE23A74F175ACB12940870352490A8F527862B13D1FE96CFF5B33C35D1F8170C011D0C74ECD46D1C060835DA79A3C805FBB1C728AB636A6CECAAE67E134408700D79BE0512CF836B208AFD89E8EA8A675F114D3907FE05FF02F5C59BA60DE43040A8D1F289292ED88F0CA371967138DBE82412E008702E39DF6A2362AB12D13515CFCEED7F49261AFF827F817AA2D8B49B380C106AB67B025CA8D17D2868C401CEB6ED0132460411025C439E6FBEE2B9BAE23590880EABA578F6CD8023A2F12FF817A82B7F37CA1A1000849486BA714A55E83E9C6A0201CE99314AAEEF00A7EBC9CE9E54615E4ECE9F032EFFD65B2B64F5EAF47276E64CA17CF2C93671EED7B163F9F2D1471BFCAE63FDFA4CBFEBFFE08397A44F9F1B2535354976ED7A561212BACAE1C32FCBA851B75ACF7FF9CB0E013FCBD6ADD912137355C0D76BB33FCD5040073ADF6A239E2B13D147EB209EEBBA3F08E806F22FB5B14F3F7D5D76EF7EAEDCEF2833F3A10ACB7DF3CD6EEB6E88F632C78F6FB16E2DAED3EA2BAAF3FB5CBA745A95CB4C9B768F777AFBF6C5DEE98307F310D04D877F9916C3618050A34DC9DD3278AF313A18A9C2346394589F02FAC8918DF2D9676FC8800137C9B66D8BAC792FBC9021F9F90BACE9D3A7DFB696DDB2E51969DFBE9D25725530AB3905B4BE969CDCADC2FA35D0ECD8B144C68C19EA5DFFBA754F58EBD3690D84CEE54B4AFE663D6A20D5C70D1BE659EBB75FD7FDB2973F7162AB775AD71D1717E37DBE6FDF5ABF9FB726FBD38C05B4EFF956D78CAF3F115D17F1EC2BA2A98976A17FA9CB6F47FD80FEEE0389D5CF3FDF69BDF6C517BBBC7E4C7D438B1661DE3FCCBFF9CDFF7897DFBB77B5F57BB77FF7B1B1ED2531F17A6B5A4D7FFFD75CF3F30AFBB176ED1CEFB4FA22DF69047493E0BFA65DCE6100446BF58345A3B6FA72C21A9C5414ABE0740AE856ADC2CB656C75BE1DB4EEBDF77FFD66787DE7D902F7C71F8BE5FAEB3B9513ACFE32BF3A4FD76307447DD4CCB2F375DFE7F1F1D75AEB9D3367AC5C71C5CF243DFD01EF767CD75FD3FDA98700D794ACAE37460AF393793EEA995F17B29BFA6FBDB1FA979A9AFA21F53D2A7CF5B779D965ADAD47BDF2E49B85D63FF6F61F7CA7BF5051AC1968F551EA139CBF47A7E855FF9695F5536FEA4B2F6D29B366DD674DEBD534DB37686261D3A6A7BDBEC99978D0FD0DB180C6EACF2E41BE0119E8A699813EE0C9FED9C7B64ECE57333B76C65533329A9DD1A0A5D31A7CD4F4359DEFCF71F7ECF9EB72D91C0D4CCEECAD061A3B00E9B45E6AB54DE7E5E53DE99DB68390BD4DBD14AB8FB9B9B3AD00AAA23D2525C1BB3EDF7DD1E0E62F03ED7CAD36FBD3CC33D0BEE75B5D6FD35D5906BA26375B2103DD08FC4B6D4D7D800A59DFF96DDB46CAEDB7F7AF50C2A1FBF9D5576F5A8FC5C5EBCA3D5FBE7C46B9E54B4BF75AE560FABABD8C6697755A7D8EBFF22FDF0CB4FE41B7FDA6EDAFF43919E8460FE2195C815B6AA0B50F7553A881F60D6C467D0638A7C8B433B04E61E9CCF606CAE4D8A69752ED69CDF0DACB6A165B4B26743B85852BBDA6595F7D5481ACCB2E5A34C55AFEECD977BC9971B571E3865BA6CB76ED7A4D857DA92C03FDCE3BAB6ABD3FCD5440073ADF6CB17AC6084E0D746D443435D02EF72FC114D0F6952ABB8443FFD4DBAFD9D9682D03F1FD4D3AFF2C6BC9874E6B6DB3FE59F7F71BEEDCF96AEB4FB5737D3A7DC30D9D29E100807A4507A3F473C17E6870DDD388039CF6D2BECD089CCDAF77017DF9E56DAC4C6F651968FB72A96677F4F2A76D5A1AA1F31F7AE8B715D66FD72C1B9ECBABCEDA635BA06BC0B30700D981F1965B7A5A025A05B2063915C3869F9AE9EA64A06BBA3FCD50405775BED536E31BA8559DBF2E1C3511D174E16804FEA53602DACEEADE7DF760AB0CC3FE6DDA83F96C539F608FCFF0E7ABD4A7F8FB4DEA380D7B9DF7DF7F9B35ADD967A740D772361DB86C78064DFBF31DBEBE05010D007545FB403FE282FDD03ED0598DF0F85596010C8A80D64E179A59D1128E3BEF1CE01D54A3AF6946B6AA75D875D27676C7DF2045BB43C79021C9E504ABEF403F9D77F4E82BDE0CB46679F4F2AA3DB0D0CE28D734035DDBFD690601AEBAE75B6D32BF55F579AEE91D0B6DBA1BF4816E14FEA5361D38B4CC427F9F3A1870E4C841DE720DE7152EE76F4CFFCCDBBE47FF406BC6D82EB3F01D7CE82B82F5776F0B77CD727BEFB268FE99B707303A070E3ADFAB7EC4BEB285800680FA60A4270B4D263CC899A4BA385F3BCB6B5FF6D400A2027AE8D03EDE11E94F3CF1A03750E8323A425D07F2F8669E5BB76EE515A4CEF653B693D7C13A7630D20139D515D00B173E6AD527DAF33543EEFB399C5927DF0C74A0805B93FD21C0D53A035CDD9BA4D45444DB6524DC76D7C5FEA536A662574B29F40FF1D4A9A32D716A78062EABA89E376F82F5DBF5F787D87ED4122FCD30DB251ABEEDEC749E733C859D818E8E8E92C99347555903ADFB68D75A6BE722DB5F21A001A03E88F604B8A810EE439C671F220870814DB32CCEE75A176C072CBB2443034C65EB5091AAD9217B408F9DD1713A79BD146A4F3B07DC183E2DE97C03A2FD9A3E9F31E35EEF00A140FBE22BA003059D9AEC0F01AE5699E89ADE61B0BA22DADE1EE2B9890968DB7FA840D53FCA2346A404ECCE531301AD7FC22BFB7DFAFA2B67A99A2D90D527D862DEDEBE3EAAA837FC949620A001A02E6C356D4C08B7AFE51B2B0970D5EFC861D7023BE7DB41A3AA7EA75A23E814A64ED30181BE415005FADCB97FB29E6BE63A5040D4F20BAD4B9C30E12EEB353B33ED6C3DE53415C3BE830CEBBA3F04B86A65A27DCB29EE316ADEE7D99F881E5D838C3734F20CB4B3D5A4FEE6B5AFBC9A3F41AD7FDCEDB69BBABCFDA8838DF5BD5AF6A50901BD6AE6AF16DAF7C628FE4C5F331C03079D625B5FD39B3D690998BF2B5D086800A84B503D6C84A69D5D9427A0C712E01A9FF966C5B9D56EA3F9BD3B07163AC5704D6E9212E87DB4AAC3BFD4BB85B27E19FF02009571D0B45121D8AE669E7308701801AE41F12DE7B8C49341AE696B3ADFF7D5B5FF34E05FF02F00D0A8E86794F561EED0C0DB3C665A24010E23C0855C44D747669B6E1BF8170CFF02D0ECD06CF04B46C3947274F204DB14021C46806BF4229A9BA4E05F30FC0B40B34585B3D64207BB1F739C27F3FC48333AB60411029C5BA96BD905651BF8170CFF02D0ECD1B6765ACA313D88996715CF4F11E030029CEB44744D33C80C18C4BF60F81700F0A01D313E0E82C8ED6794956D3CD20C8F29418400E7766A5A8641D906FE05C3BF00809F4C74BE51D69DE3BA3AAE4B5BD5ADF4649E539AE9F1248810E09A9288D6DB73738741FC0B867F0180008C37CA4A3A540077ABE17BE34C9BE3C93A2F339A47B70D021C01AEB133D8238E0757F2FA978867FC0B867F0180CA89F408E193A6151965830C357876F159AE832783A57716DCE509C22ABC6339840438025C93C84453B6817FC1F02F00500B123D627ABB5156277DC1F8E956BEA71C02BB9F69111C2E021C01AEC98868C433FE05C3BF0000341CAD5A855F2C2DDD4B2071A99D3BF7EE09CF9F41F02FA2B311CFF8170CFF0200D0A05C7BEDAF3E2F28584E3071A96DDEBCE035F36B3AC099EA97C19EEC19ADEAF02F18FE0500A0E1E8DDFB868D1919E308262EB5A1437BE719C1BF815063268A43807FC1F02F00000D4A6CEC9509B1B1EDBFBF70613F01C57DF6715858D84746597D3F00FE05C3BF0000B8859898AB4AB2B32711505C666969BD5718655D6300F02F18FE0500C0657469DBF6B2B345456B082C2EB18282159B8DB2EE31D7717A02FE05C3BF0000B89394F6EDDBFD8720E78EE016161676DCA0B304E05F30FC0B0080FB835C78F8A5A73333C77F4DCD62686A123D97554F11DC00FF82E15F00001A0F5D5AB4B8644764649B2FC68EBDE3FD37DE58728A3EAEC1EDC3AAADA47434BC67408FD624725915F02F18FE0500A011D2CD28BBF5F91ED34A8D9FEEEA88D5AFE94D0CB40FABB69262343CE05F30FC0B000000000000000000000000000000000000000000000000000000000000000000000000000000000000000000000000000000340EFE1F396B825084E1F19C0000000049454E44AE426082, '1');
INSERT INTO `ACT_GE_BYTEARRAY` VALUES ('13', '1', '/bpmn/ExpenseAccount.ExpenseAccount.png', '7', 0x89504E470D0A1A0A0000000D494844520000026E000000AA0806000000144EC398000025F24944415478DAED9D0B7814559AF77B214094ACA086CB871989C22730EA0E2C19081206D02828E0A0A0C32AA37863514110511015512E8251198D885CA3E2002A1A3040948C440109370565791817F85071C51BA2728910E1FDEA3DA9D35BDDE9840049BA92FC7ECFF33E5DA9AEAEEAAEFAE79C7FBDE7528100000000000000000000000000000000000000000000000000F81F91DCD8A953478EB8E9A69E9BDBB5BB303F36B6B6E86AA2ECA366CD1AC79A354BF8BE63C7D64B9B356BDA155D11E80AFDA13F002835B3673F32A86BD7A48389894D64DCB83B253777BAE4E7AF11918D4439849EDBBCBC0C494B1B2A2D5A343DDCA44983CDCE65B8085D11E80AFDA13F00289159B3C62C6ADCF86C993265B81414ACA3008A42A4A73F20F5EBC71D3AFDF4DA7F465704BA427FE80F008A2DDC9A37FF9DB94BA2A0896E6CD9F29AC4C7D7FFC5B92C3DD11581AED01FFA038022CD087A474AE1E6AF42EEB4D36AEFABCCCD0BE80A5DA13FA2BAEA0FA0DCD00EBBDAF7439B112858FC15696943F7C6C4C4AC405704BA427FE80F000C3ACA4A3BECD2F7C39F71D659F5763B9729195D11E80AFDA13F0008E8D0781D654561E2CF1832A4DF06E732A5A12B025D9595FE223360C080E0741643860C91E2413FE80F208AE87C463A34BEB4FF7033668C919E3DAF906EDD2E93CB2EEB2C97A77696F4E746511895537CF0C18CAF9DCBB4015D11E8AAACF4F7BF8C1D3B56162E5C689693929264D9B26C59BB6E9D346AD4C8AC7BFBEDB78D913B72E408C60DFD01F8039D84B2B4F31965CC795C7A5CD54DFA5CDBCB44AF9E574A6A6A17E9D0E18FF21C956CB9CD87E45CA6027445A0ABB2D29FC881030742268CCDCDCD35AF2B57AE942FBEF852626262243B3BDBACFBC73FFE615EF7EEDD8B71437F95897827FAB999CD5C27760742274ADEE3449E13339DB8DD8944BFFE903827FA3A31CD896C2776B9E2F1FE9055EE0F19E0444235B8B8A5FE67EBDE2DD554AC975FDE3518575C71A974BCA4BD53C9B6A5402AA770B589AE08745526FA13F9EAABAFCCEF5FBE3C47BEFFFE7BB37CFDF5D7CB77CEF2918202B9E9A69BCDBA2FBFDC2DBFFCB2DF2CEFD8B103E386FE2A03A94E643A911F38B1275E14B8464EBD4F8C1F7E48921319EE0FD12F36CAFD7189615F508D5A8A13833D3F3CC789DE7EF921D1AC60533A26CB334F4F92ACB7DF94A9CF4F3119914E291DCCFA0E1D92E8084C0187AED055A5306ECA638F3D2675EAD4911F7E28CCA4EDDDFB63B012FBF6DB6FCDBAC3870F9BBFDF7FFF7D9A4AD19FDF49729B9FCBE2B165DBDC2C5C54502336DF89EF9D187B1219B45837D5A8666F9313DDABB371BBEDB61B65CFFFEC96552BDF93EC658BE5959767C9A2CCD765C7F67FCA5D77DE22BFFDB69E0289020E5DA12B5FEB4F9B3E67CD9A156C1E3D78F0906464BC64967BF5EA25BD7BF736CB93264D965F7FFDD52C2F5DBA54A64D9B26AFBDF61ADA417F7EE489B0D6439B41CB76BD4F17279ABBAD8ED6DB68E24A47F63EEC6E172943975DD12D8F7D5DC336C589FA65B0BFDE6E536A86E7C7572BE3F6D0E8C1B2366FA5AC5BBB4A3EFE68BD095D5EB7EE4379E8A17B288C28E0D015BAF2BDFEBC15536666A67CFFFD0F6659072A58C68F1F6FD66DDFBE5D76ECDC19F219B483FE7C847A91DC30B3B53F50D8AF2DF104F755DF6D8DDC1EB6BF7DAEF12B77D4416AFFB5B27EB446BC6BDCF48735AE4EC64D9BAB468FBE4306DE3140D6AF5F235B3EDD64E2A38FD6C990C1FF29F70D1FE0DC9DE6512051C0A12B74E57BE3B6FFC0A1A049D3BFAFBAEA2A397AF468709D2EDF70C30DAE512BC4F675433BE8CF47A66D5598C9CA73336BA782760B1B1696C1DBEF26C3CADDB42596E3319E70B379CDAB720167E3F0E13C59B8F02969D7EEDF65FB7F6F93E1F70E0E898D1BD74A52DBD6F2F75727967A242181714357E82ADA19B77FFE739B79EDD1A34711E376E38D379AF7F6EDFB29B8FDE8D1A3D10EFAF30BE199B6B181B2ED8BDFD2892D9EFDE707CAE939B37D2BC0B45946B8C76A5C550B388D63C736C8DB8BFF26977468273BB77F269F7EF2B1E42C5F2A996FBD26F3FEFE92CC9AF98253F9CE33CD5BEDDBB795050B26D32789020E5DA12B1FEBAF90418306C9FAF51BE4A77DFBCCB9D0C10A96091326044792FED77F6D35C66ECF9E3D0C4E407F7EE18930D3565ED930CDEA658765DE5A96E50112DC2C58450E20D0EC5E66A0728F382DF19F6BD5CA0C33A79656AA2B562C97B7DE5C602AD68C39D3E5C569CFC9946726CB13131F331DCAA7BDF0AC74E99C224B97A4533051C0A12B74E54BFD7DF1C51772839B4DFB76DF7E63C566CE9E63FED681097DFAF431CBDACFAD70CEB783A629F5ECB3CF968F3EFA08EDA0BF689314D68C39B69C8FA703197202A1D3A6C597D5CEDF08140E44A868B44D797055356E0F8D1E6146F869453A7BD63413D35F4C97F4E79E96A7D226CA84F18FCA984746C988FBEE9147C73CE854AE9972FF083A9453C0A12B74E54FFD7DFAE9A7E6B7FFE6FCF5CDBE8392B7F113397044E4DDF7F382198C9D3B77CAB16322AB57AF9665CB96C9FEFD85FDDBDE78E30DB483FEA2CDA640689FB68A481CC5BB89317BDC32F15A49EE4EEB47E124B6748F1D5FD50AB8C20AF67E3345C3757DAF91F9F35E3615AB56B693278D93F1E3C6C89393C79B4A562BDD9E3DBACBF277973815EC500A260A387485AE7CDB54AA7DD56C25949C9C6C4C9B1AB97D078FC84F07F2CD365D2F4B95D6AD5BCB79E79D67B6BBEDB6DB682A457FD12635ACD9B222FBD9F70C3B76E2A9EE30C36DB68C16D3DC36E72A67DC366F7E5B1E1C355CAEBFEECFA602D5A6AC48919C9C247FEDFF1719F3C848D9B871110513051CBA4257BE356EFAC82B6D2ED5B9DC1A366C28DB767E29FB0E1D0E9AB99F0EFC2A9B3FDD1A7C66A9CEE3A64F58C0B8A1BF2893E5314F6951387E66591D5F3BCFE96887683E9EAAB99B758BA96A15AC99B2E1C87AA7A0FB50D29EBC4FBA77FB93A4746C6766B44F6EDF563A24B795CE7F4A9661436F969F7F5E69B6A550A2804357E8CACFC6CD3B7A54336EB7DF354C52BA5C6E96D3D3D3E577E726CAB6ED3BE5FF5ED0427EF8E1070905EDA0BFA8101FF8DF49720B02D179B6685220747EB7936EE5ECEBB6F3461B9D4F25C5471739A794DF874284020E5DA1ABCA4219E82FD4B82D59B2249869CBCBCB937DEE28D380FB80F923478E60DCD09F1F74DD2F10FA448368E19DA0B7F7A934538EF0C1891FE7B3E6527B625510C954B01470E88AA80A995CF487FEAA6286B814BA4E0B54DC48D2E3799D531EA4A0CE33D507275EBF43AE0F85E075E82914701470E88AA802C60DFDA1BFAA68DC4AD2B577C2DD68B6EEF50D339A2745454DB87B3CF43BECF1B110BC273A25DA059C1E77CA94E145D6A5A73F50ECF6EFBF3F43E6CC191312FBF7AF942FBF5C5AE2A368B2B2A64893260D8A7D7FFBF64CD9BAF5F588C75CB06022055C25D1D5FAF5AFC8CA95334D9C7FFE39E6D5BEA73AD1EFB476ED4B453EF7F3CF1F98F7DE7CF3C9E0BAEFBECB29D575993A75E471B71939F2E6E07276F673C1E54D9BE6A1AB2A58AEA5A50D0DEA517567CBA9162D9ACAB4690F46FC8C9651E1EBBFF9667991278604CCD31B6E0D59A76597AED772D0BB7EE9D26783FF0FF1F1F5E5E0C1D521BAD32797A0BF4AA5EBDD9EF5D17C6AD34581D039DD4E0AEDA417E3A393EF7721781D7D72340BB86DDB16CAD75FBF23975EFA4753C8E8BA575F1D2799994F9965AD5075DBC58B9F91860DCF924F3E996F0A405B18DA0251DF4B49691DB2FFCF3FCF0A29C012139B04FF8E5479DB02EDDD779F9701037A05BFCF2BAF3C6E8EAFCB3FFEB88202CEC7BAB2D74B2B24AB25FB9EADB456AC7831E2E754437ACD35EEBBAFBF59A79FF16EB766CD1CF3BED547424243494EBE38F839D5891AC6F07DBFF4D2D8E0F2EBAF4F2AB24CC559B5CA3535525AC658A36ECB2CFDFBF6DB7B17D9BE4F9F4BCDF2CE9D8B65D2A421E68656CB2FD596FE6D9FE96BF7B165CB6BC1577DAF56AD18E9DFFF2A63F274FDD1A3EB83FB9E376F42F0FF416F50F555CB57FBBE7E0EFD551A5D7BFF8E8BE2778D0DFB2E55DE2CF932A2F54FAB4649CD9816725EE356A74EED900C98AED7BB4F7DBDF5D6AB2366CC22EDBF6DDB5666BF63C70E9433CF3C43C68CB923789CF04C9A357A5AE85D7C71F310E316EDCC1BBA2AFD79D2CA4C2B3B5DD66B9A9ADACE5C4B7B33A0065E2B48FB998D1BE79ACAAD55ABF3CCB266DA8ACB80849B2DD5A9CDAED80AF4E1876F33CB9AFDB01AD21B13CDE6D9CAD37BE3A2FA475755437F9AD9AA572F4E860CF94BF0DA6BB6D566BDF46F2D83BC3790AB57CF36BAB399D8E2424D996A45F79193F3823171AA63D5A92D37D584DD7967DF90EBABFB55CDDA1B617DFDECB3B7CCEBFDF7DFE4871B07E2E4C24F5E878C5B0598C80D81C289F462A2D1A4A0058ECD6069E642B3187FF8C30566590B240D7D4FD747FA47BFE4927F0BC97AD842293C1BE66DFA0ACFB879DFD38AD416B2BAAC77A736C2EF58A355C9A2AB13336E77DF7D7D48C6D65B498437457933146ABA4A6AC2D4CA53F7FFC30FEF99B0D9345DD64A3452737C78C64D6F20ACFEADD6F56F745535F4A7064A43BB7C5873EE2D4FBC19375B66E97A2D8334F3A6A1659B37EB6FCB42BD89B406D05B3E7A6F34C26F78555B7AD3E9356E5A1646ABF5808CDB29E9BA4A65DCFCD2C72DC1E77DDCC20BB6A8F705B1E6C966B4BC055C69321E25F5473A5EC64DEF746D86CDDBC4A14DA5FABDEC5DB2862D30B5A2A780F3AFAEAC71D34C822E6B33BC6D821A3AF43F8A347F6AF393D5C0F4E9A34DD39456B89A397BFAE97B83DA083F86D7CC6B264F9735B351B7EE6911B7D7BE4D365BA2D915BBBE4D9B16549C55447F7AD3A77AD3E36A1962CFAF76E1B04DE991FAA7D9DFA15AB37AB4E6ACB83E95F6064035AB3A55BDDAB24D9BEA6D13AA356EF6E656FB08EBEB0D377437370DFA3DBDFF27E8CFF7BAAE527DDCB4F35E171F9C781D55BACA8742D039EE7A9790958CBA71FBD77F3DDD3469959471B3778B5A5869F3940D6D0ED3F59A6539998C9B779DB7EF8756E2DEBBDE4846B29A1B37DFE9CAEAC6366F6BB6C3AEB7C6C93B60410DBF5E5F6D26B5FD87D4BCEBB2F633B2BFD5DB41DC5B19DB0C8A2E6BB6ED9A6BBA86348369D395AD3023692C5C83549C95577FDE9604D59F1A295DB6BA520DD9B2CA3697ABF9D21B48EFBA928C9B3743E7D5919A413D8EEE2B5CAB7A9361BF97CD30F7E891C2A8D2CAA9EB2A35AA54E7711BE68313AF739BA4F94808C5DD89FAC6B8B56B77A1C9406853A9361178EF4CBD156C71619B056C01753219B7F0C1127684AA166E5EE316694043352DE07CAB2B9BC5B295A1AD34B5A9D266C8F4C6C09A36AD2C353B71DD75A9C17E3F9AD1B015AC6DE22CC9E0AB3E7459F7ABFD9BBCD93C7B7CEF8004EF67556F91B27A549C95537F7A2DC3AFB75EE3807968FD62A959B34630E3A6DA5023663562CD7D49C6CDEA56DFBBF2CA4B8C11B32357ED8DADF6AFF35E5F1D4063B5AD9AD457FD8CBE6A133FC6AD52E93A3DE08F79DCC67ABE47FAC9EEA4DFA9B8BE32C42F99BF1376FA15DDA41070FBAAD90A4F8D5BAF5E7F0A8ECC7BFCF1412119134DFF4F9C7877914CDB69A7D5091AADF0D182DE8C5D78C6ADB8A655ED6C6E0B52ED508E71AB3CBAF29E2BEDA0ADCD3F3A52D45688E1C62DD2E77434E9F19AE575BD1DF0E0CDB8E9740BDECF17D7C74DFBCFD98AD336AD69C58AAEAA8EFEF486D26678F51AAB410B3767E12D09DE1BD548C6CD9AAF679F1D113482E137AFDA1A11E9FB58AD5A6369F775EFBD3760DC2A17FD03FE7872C216CFF7E87BB23BD1E777E993EAEB47F18724BADF219602EEF861FB72D8B07D2DF40ED2663BC287CD47BAF3D402D1168A36F31129C28D5B7185881D1A1F08EB30EECD9450C0F957576ACAEC00126FF3B9F66B8B5441DA50D3EF6D12B526EF7883064AD29D1ECF1A33D58EAD34ED790978A675B0F3BCA1ABAA61DC346C664C6F50D5ACDBFE6503075E1B9265B5835CF406D44E1BA2BA9B35EB91128F61CB23DD7EFCF8BB220E9ED2E3DA1B5ACDF6D991D57AA36C6F50CF3DB77191F218FDF916ED47EF7D56697C14BE83B77F5BFEA97E872C270644B999742605DC89F70BB17DC94A6A72282E6C6178BCB988B420BCF0C2F34BDCC6DB693DE0F6395123690BC5F0C92D29E0FCA5ABAFBE5A669ADEBD7FDBD1A19A9DD0EFA3595DEF67D438697F35EF941E9A1DD36DFBF5BBA254D7A5A4691CF4BD80674082D7E4E97BDDBA75304DF2A599EC175D558E724D9BE9AD110A84F5BD554D06C2266D568DDA9B062DF7EC4D840EA629E9BA85DF54D8E966AC96AC21F49A445BAEDACFDA1B143B9801FD550ABCFDDC1E8EC2F1333CC7CF38D59D7577D377D1981644337DDFBB6E98028EA080AB26BA8A66FF342A4EF447B956ED9B4B759469454E0BD2D2CDF4D9E3B72E8B9D6E727F5445A399B6740A3882020E5DA12BF447A0BF72242610DAC76C5494B27D9965B5D32E81C239451A57E00FD1636E0F4477323C0A380A3874455071A23FF457FDB26E056595F93A0EC3C28E79515967BFE65750936973B7893495028EA0804357E80AFD11E8AF82C8F218A96D81F21D9CD92FAC89745079A511CB7B3EB54437D3368C028EA0804357E80AFD11E8AF0269EC268EBC13E196C7AC166ADAF607CA70404271C4BB4DA6E5D5F6DBDC356D4F50C0111470E80A5DA1BFF2898F65F7EE0F253D7DA2F4ED7B8D346FDE4CE2E2E2CC758B8D8D95C4C4A6D2BBF7959296F6A0B35D36FAAB7E243BB1CF63AAB40F5A590E921C169669D3B9E3CAB55B987EF95DE560AEBAB82E7718051C410187AED015FA2B0FC39699394B52532F73CC5A73B9FDF6DBE58D37DE906DDBB6C9FEFDFB45D1D75DBB76495656960C1B36CC6CD7A5CB253277EE78F457BDD0C763E57BCC9566C7FA9EE23E75F4E8AA40E8B353CBDDB479336F3AF241479B9E6A473A6D3F9EE966DA5229E0080A387485AED05F59C7AE5DEF4BF7EEDDE4A28B2E32A6ACA0A0404A4B7676B62425B5959494A490679FA2BF2A4F6A5873A6355A27FA3CD38BDCA6D082B07D6504A2300073B0DB74AAC6EB44475F24060A9FCBA559B66981CA3D7A940A960A165D1118375FC647327FFE0C69DCB8B1A4A5A5050D9BBEAA21D3AC9B9AB9F8F87873DDEAD7AF2F2D5BB6947EFDFA996C5C7E7E7ED0C0A5A7A73BFB69E8FBEC1BC6AD4CD12CD9EE30C3259E96C7FEAEFFB1FDE0625DA3D6D7F5389B227C560DDCA068FEA838F7CBE90FCB0B140E5EE8EDFE582F8D5DF7AA4F42C8715DECCC40E59D5C970A960A165D1118379F9BB6ACAC059298982879797941C3A6064E9B405353538D19DBB061438841D3A6D39933679AF7131212420CDFA64D9B9CFD9DEBBCFF08FAAB3EC4B9266D7F041376A2911928E3293F4E9564D7C465BB6ED49B16DCE331765D0295F3D9A354B054B0E88AC0B85592EBA09936356DDA67CD1A32CDAE69366DFBF6EDA56A26D5ED747BFDDC962D5BCC3ADD9F9AB7B9731F477FD58B0437F9B4EF04CD5ABEDB2CDA9A53E873EAD4A97DCC3E5C9BF05F1C3AF4E1E7EECD05BA22AABDAEAA9AFEB44F9B368FDA4CDBAA55AB4CF66CEEDCB921C6ECC1071F94A3478F1ED7C0CD9F3FDFEC2F27272798796BDCB881630617A2BFEA47ACDB8298E626AAC29B52F7B82D8BFAE4279DF6239E53564968D5EABC6F7273A75399F934162D7A6A89739936A02B025D5535FD7D6C468E6A13A7CDB4A969D341095E0E1C38602ADABA75EB962AFBA6A64DCD9BCDBCA5A73F2B29296DD01F247B5A18BB733A2A319D3AB559386EDC9D54663E8D5EBD3ACD0B94FF84D2E80A5D51AE55706466CE364D9BDA6F4DFBA6E97278A64D494949096649162F5E5C2AF3A69937DD9FEDF3D6BAF585BE6A32ADEAFAF329999E6C1BA6B9523786279CDD2E21A1E1918282755468FE8B5D356AD4D8EADE29A12BA2DAEBAAEAE8AF30DB66B36B9A75D33E6A91D08AB64F9F3ED2A04103B33C72E4C8124D9B6E939C9C6CF6F7C4134FB859B8E57ECABA5579FDF990A440D1693E7A725A2A314D9A34D83865CA702A349F45CF9E9D66B87D10D01581AEAA90FEF489083A204133621ABA1C6920821A3BAD647FFBEDB7A0290B988117C59B360D1D81AAFBD3A6573B12B579F3A6B26BD7DBE8AF7A9215283A1841B36E319C9ACA4BCB7AF5EA1ECCCBCBA062F349E4E6CE581428EC3C7A11BA22D055D5D29F3EC66AD0A0414173A6537A44A256AD5A2146ED81071E307F6BF62D1C9B91F36EDFBD7B7733CF9B3262C45D92963614FD916DF3466F4E4FE526B561C3B37EA292F547E55AA3468D9D5524958DAED015FA0B0B7DF6A8355403060C30F3B4159741CBC8C80859B768D122B37ECD9A35C175975F7E79B032EEDDBB7770BDCEF3669B60B3B2DED46C17FAAB7E64078A9F02248FD353050AB9DAB56BFD3C71E2E0BDF44D8A4EDF0FB719614F152BDCD015BA427F9ED007C6DBA6511D44A04D9BE1E8D3128A6B163DFDF4D383EF3DF3CC3366D90E62F03E264B47AAEA13160AE775D3A6D386E88F6C5B78704DAA42F342CD9AFFF26E5CDCE9DF0D1C78EDC7EFBCF3FC1EE6E32ADFF98C7468BC8EB2723BECE654D166047485AED09F1B717171C107C6EB63AC223D93542B556BBA8E1D3B16DC5E3972E48879BF53A74EE6B573E7CE52A74E9D88464F1F8FA5E8E763636BA3BFEA4556E0F813EF32C2B40AA1B327EBECCBAB0285332A0B512E51E0FEE3E8D0F8647445A0ABEAA13FAF412BAE9974F2E4C966B96BD7AE72EEB9E7461C88A0B177EF5EF3DABE7DFB88FB89F419F4576DE189150000002742DDBA758F9594711B356A54D070DD72CB2D4143F4D65B6F05B7F9F6DB6FCDBA0F3EF840366FDE6C967FFAE9A762336EBFFCF2CB37AE59058C1B0000009496A64D9B1E2EA98F9B56AE0D1B3694279F7CD22CDF7CF3CD72CE39E798E53BEEB8A388393BFBECB32366EEBC7DDC3E7308143EF608306E000000505A929393B71737AAD466D2264C98605EBB74E952A4A9D3CECDE65DFFE8A38F16316EDE51A553A74E5D1628ECF3041837000000282D575F7DF5ACE2E671FBFDEF7F1F34682D5AB4083162B367CF36EB63626282EBF4E9088162FAC979E771EBD8B1E35267BB119C7D8C1BA7000000E00468DBB66DB373CF3DF768A4272758D3A67DDF22B163C70EF3FED34F3F1DDCFE8C33CE28B25DD89313F2DD39D41239FB18374E010000C00972C10517EC087F56A94EB6AB15AB4EED51126DDAB431DB1D3870C0BCAE5DBBB6C836DE67954E9D3AF5D540E1485A008C1B0000C08952AF5EBDEB5AB56A5560B36E3A48A159B366253E8BB4B8E940C2993F7FBED99F3B5A755F4C4CCCC7CE76FD39EB807103000038491A356AF4A966DBEC08506DDAB459B8E3F1DE7BEF19D3D6AB57AF90F5393939D2B87163D9B2658BF95BFBD3050AB36D3C501C306E000000A74062FDFAF50FE5E5E51993B56AD52A63DEE6CE9D5B2AF3A68315C2336D6ADAD4BC29CB972F5F1C287CD4544B4E3560DC0000004E91D8D8D81B1B356A7470D7AE5DC1CC9B36736A1F353B60E178E876BABD7ECE66DAB66EDDBABA468D1A5F046822058C1B000040D951AB56AD5B1B3468B0DF66DEB46F9A36A16AF64DA70AD179DE74925EEF1316D4ACE93C6D3AE5876EA70311ECFB9A69734DDB28CE2E60DC000000CA9E7EB56BD7FE79E2C48907AC01D357EDF3A693F46A364DA708D18A571F63A54F44D02C9B368F7A1E40BFEFDA6BAFCD0814368F0EE09402C60D0000A0FC48AC59B3E67B8D1A35FA66C9922587A4F4E44F9B366D7EAD5AB5F4C1EE3A10813E6D8071030000A820FAAA818B8B8BFBEEAAABAEDAFAEAABAF7EB16DDBB63D9A593B76EC987960BC3E7B74FAF4E94B3A75EA94ED6CFBFF5CC33620C0E851C0B8010000448504278639F18613BB9CC8772B5E7DD507C6EBB347F53156899C2AC0B8010000F88B58D7B40160DC0000007CCE994EFCC869008C1B000080FFF93F4E7CCD69008C1B000080FF39DF899D9C06C0B8010000F89F0B9DD8CA69008C1B000080FF69EBC4464E0360DC000000FC4F8A13AB390D8071030000F03FA94EE4701A00E3060000E07F7A050A27DD05C0B8010000F89CEB9C789DD3001837000000FF7393132F731A00E3060000E07F063A319DD3001837000000FF33D489BF711A00E3060000E07F463A3189D3001837000000FF33D68947390D8071030000F03F9A6D1BC969008C1B000080FF79D6897B380D8071030000F03F3AA27420A701306E000000FEA2BE13894EC47BD6BDE2C45F39358071030000F017FDDC4A3652EC7762971B899C2AC0B8010000449F6D2598378D3738458071030000F007B79760DA0A0264DB00E3060000E01B629CD85D8C719BC9E9018C1B000080BF783810B98F5B3CA706306E000000FE420D5A7E98711BCB69018C1B0000803FC9F098B61D4EC4724A00E3060000E04F9A070A072368A53B8CD30118370000007F93E5C46F01FAB601C60D0000C0F72439713840332960DC0000A0DAD45A921B3B75EAC81137DDD47373BB7617E6C7C6D62E69825BE214A266CD1AC79A354BF8BE63C7D64B9B356BDA15F561DC0000004ACDECD98F0CEADA35E9606262131937EE4EC9CD9D2EF9F96B446423510EA1E7362F2F43D2D2864A8B164D0F3769D260B373192E428918370000801299356BCCA2C68DCF962953864B41C13A8C5514223DFD01A95F3FEED0E9A7D7FE338AC4B8010000146BDA9A37FF9DC9FE60A0A21B5BB6BC26F1F1F57F712E4B4F94897103000008419B4735D38669F397793BEDB4DAFB02349B62DC000000823594E4C66A9F366D1EC530F92BD2D286EE8D898959814A316E000000061D3DAA0311E8D3E6CF38EBAC7ABB9DCB948C52316E000000019DF243478F6292FC194386F4DBE05CA634948A7103000008E83C6D3AE547698DC48C1963A467CF2BA45BB7CBE4B2CB3ACBE5A99D25FDB95198AC728A0F3E98F1B5739936A0548C1B0000404027D72DED3C6D19731E971E5775933ED7F632D1ABE795929ADA453A74F8A33C87792BB779DE0285CF60058C1B000040A0D426A27BB75463D82EBFBC6B30AEB8E252E978497BC7BCB5C56895536024306E000000276CDC523A26CB334F4F92ACB7DF94A9CF4F3199B64E291DCCFA0E1D9218E08071C3B8010000F8C5B8DD76DB8DB2E77F76CBAA95EF49F6B2C5F2CACBB36451E6EBB263FB3FE5AE3B6F91DF7E5B8FD1C2B861DC000000FC60DC1E1A3D58D6E6AD94756B57C9C71FAD37A1CBEBD67D280F3D740F260BE38671030000F08371D366D0D1A3EF9081770C90F5EBD7C8964F3799F8E8A3753264F07FCA7DC307C8AFBFE661B4306E1837000080681AB7C387F364E1C2A7A45DBB7F97EDFFBD4D86DF3B3824366E5C2B496D5BCBDF5F9D58EA11AA04C60DE306000050C6C6EDD8B10DF2F6E2BFC9251DDAC9CEED9FC9A79F7C2C39CB974AE65BAFC9BCBFBF24B366BEE098BA79A6D9B47DFBB6B260C164FABA61DC306E000000D1306EAB566698B9DAD4ACAD58B15CDE7A7381316C1973A6CB8BD39E9329CF4C9627263E66062A4C7BE159E9D23945962E49C77061DC306E000000156DDC1E1A3DC28C1C5583367BD63413D35F4C97F4E79E96A7D226CA84F18FCA984746C988FBEE9147C73CE898B64CB97F040315306E18370000802818B7FBCDD41FD7F5BD46E6CF7BD91836357193278D93F1E3C6C89393C71BF3A666AE678FEEB2FCDD258E711B8AE1C2B861DC0000002ADAB86DDEFCB63C386AB85C7FDD9F8D31D326D248919C9C247FEDFF1719F3C848D9B87111860BE38671030000A868E366A60239B25E0E1CF850D29EBC4FBA77FB93A4746C679E9490DCBEAD74486E2B9DFF942CC386DE2C3FFFBCD26C8BD9C2B861DC000000A264DC088C1BC60D000000E34660DC306E00000018378C1B60DC000000E35666A14F59F8F1C715B266CD1C59B972A60C19F217F37AFEF9E7C8C68D734B34322347DE5CEAE3346C7896F4E891522A8374D34D3D42D6BDFFFE0C39F3CC33306E1837000080EA67DCF6EF5F299F7C32DF98913163EE90F5EB5F31CB6ADEF4D15A1AFAF7820513237EFED557C7496262935219311BB56AC5C875D7A506FFFEEEBB1C730C7DFEAA5D77F4E87AB34EF7EFFDECD2A5CF1AE38771C3B8010000543BE3E6352399994F0597B76D5B685E3FFF3CCBBC66673F57E433769BAFBE5A26DF7CB3DC2CBFFBEEF3459EABFA873F5C205DBAB49501037A19E3A5C6AD55ABF3CCB2AED368D7EEC290CFE977B1DF27DCB8A5A4B496D1A36F0D317A51306E44C506000000C6CD6B46A64D7BD03497EAF2F6ED99E675EBD6D7CDEB9B6F3E19B2FDA64DF3CCFA9D3B1707D77DFDF53B665D424243B35C9A8C9B66DB8AFB3E9AC9DBB2E535B3AD3699E6E4BC20E3C7DF25F5EAC5C9A449438C6124E306000000D5C6B86953A93683EA71FBF4B9D418255DB626CC36A35AE3A6C62E39F962E9DFFF2A59BBF62593015323B578F13372E5959798EDE6CD9B603EA3EBEC71745BDD4EB7EFD7EF0A934D53F3653376DEEFA4DF474DDB9D77F6357F7FF6D95B349502000000C6ED784DA5DAC74C5FD5D0D9BE67913EFBD24B63837F6BB369C489830BD605B379F6739A41F36EA38651FBD75D734D5713BA4E0DA066E9306E0000008071F398356DFAAC5BF7343348C166C466CD7A24645B356F3ABA53FBBFD93E703AB041976DC64E3373C51D4747A85E78E1F9264317FEBE3586DA2F4EC3FB396DB6C5B801000040B5356E9A05D381077A5C6DC2B4C649FFB6234CAD39D3D7F0FE6CF63D357D769DB789B4A4CEFD256D136EDC682A050000806A6FDCB47F59C0D37C69A7E1B8F5D6AB8B349BAE5E3D3BE4B3AFBCF2B8A4A73F60DEB3537A64654D31EF1D3CB8BAD863691FB8679F1D6196B5AF5CA4010A175FDC5CDAB4695164BDEE5F8F8B71030000806A67DCBCA14D913AB9AD77A4A87E1F6BB2F45527E8D5C109DACCA9D92FCDAEE967F4B56DDB5672F7DDD79BF5D6E869464FA70879FDF549660A10EF141E3A3062CE9C31C10C9CD7C0E9C8546F53AA7ECE0E7AB08316306E000000506D8D5BA481077E0B3F7C478C1B00000044DDB8111837000000C0B861DC00000000E34660DC00000000E34660DC00000000E38671030000008C1B8171030000008C1B8171030000008C1BC60D000000306E04C60D000000306E1837000000A8EED4A953FB587EFE1A0C924FE3D0A10F3F772E53014A0500008040AB56E77D939B3B1D93E4D358B4E8A925CE65DA805201000020D0A9539B85E3C6DD8949F269F4EAD5699E7399D2502A000000041212CE6E9790D0F04841C13A8C92FF62578D1A35B63A972919A502000080A14993061BA74C198E51F259F4ECD969867379725028000000786959AF5EDD8379791918269F446EEE8C45CE75D9E3C445C813000000C2496DD8F0AC9F306FFE306D356AD4D8E95C939EC8120000008A356FB56BD7FA79E2C4C17BE9F3169D3E6D6EF3E81E4C1B000000948696356BFECBBB7171A77F3770E0B51FBFF3CEF37B98E7AD7CE769D3293F74F4A83B1041FBB4D13C0A00000027446B27C639B1CA89FC40E1ECFD44D9874EAEABF3B4E9941F8C1E0500000000000000000000000000000000000000000000000000000000000000000000000000000000000080AAC1FF07EAE740BFB05E54170000000049454E44AE426082, '1');
INSERT INTO `ACT_GE_BYTEARRAY` VALUES ('14', '1', '/bpmn/CountSalary.CountSalary.png', '7', 0x89504E470D0A1A0A0000000D494844520000014A000000460806000000AA9CDDCA00000E4F4944415478DAED9D0F7014D51DC7B7109380B144889149A3064905061C63CD30740C364CD3D1E14FC51A1926323423D6894A4654ACD6A14C348AB4D13234D254FE85B18EC81F1B1442C45882408D02368A32D10919E4CF18FE241E9A8490A4F0BADF97F7AE7B9B0B8164EF7643BEDF99DFDCDEDEDEDBDDBB779FFBFD79FBD630288AA2288AA2288AA2288AA2288AA2288AA2288A72474254442F5BF6F4FCD9B3A77E367EFCD896E8E84881D534E76DE0C001E7478E4C3C75FBED29A52347DE3089BD8FA2FA8056ADFA63CEA449A9CD494909223FFF615151F19A6869F94808B18F1602C3675B59592C0A0A1E13A346DDD09A9070CD67E6D7308E3D91A23CAA952B176E1A3E7C9858B2E409D1DEFE0941E6821516FE5EC4C6C69C193C38F26EF6488AF220249393AF93DE0D81E5AE7DF1C53A111717FB83F9B54C65CFA4280F85DBF02409496FC172D0A0481FC3708AF28050B8414E12E13601E52D2B2878AC212222623B7B2945B92C54B751B8614ED29B3674E890A3E6D734813D95A25C148600A1BA1DFC871A5CD9D9D9FEE12DB9B9B9A26B1174BDB5DCDC997BCDCFB9803D95A25C14C64962085077A0CCCBCB131B376E94CBA9A9A962EBD632F1F1279F886BAFBD56AE7BF7DD772538DBDADA084A07EDC30F977F6B7EAE7BD95329CA45613079D7E32485686A6A0A18205D5151211F77EEDC290E1F3E22222222445959995CF7C1071FC8C786860682D2C17196E667DACE9E7A498A336DA6F2C42B4C3B6A040EF4AF33ADD2B415A63D685A92574F24C6B44CD38A4C2B33ED90EA0CD613D9A54E24DBB4447EF721D3057EA8421C3B764C7E27EFBF5F2E4E9D3A259767CC98214E9ACB6DEDED62F6ECDFCA75478E1C153FFCD028970F1E3C48503A68EA374175AF0CD34A4C6B312EED0AA976054EB026C20B27926A5AB13A111CD833EAE4926C070830A69936D772E2E5A64DF7CA89F4175042CF3DF79C888A8A12F5F51D9E6243C377FE4E76E2C409B9AEB5B5553EDFB16307436F82D20DAEEC359CB9ACB45A7999AE08E05B6BDA29D3F27AE021462B571A70AD32ED2EF68DD08312A1F4CA952BFDE17673F319515CBC462E4F9B364D4C9F3E5D2E2F5EFC2771F6EC59B95C5A5A2A8A8A8AC4BA75EB083982321C7AC9168D6A0FB14CB126DDB46415C56A96C031C34882056ABB601E6859B823D94C05C825A6C53AD0DE74159A175B4E9E0A0128AD1DA7A4A4C40CBDEBE5320A3B5A2FBCF0825C575353230ED6D606BC87902328439CBEABB0C1AD51E5252F35E718ABA2DB1A5B7B3E05DA906B81CA3F3A7D29569C02254E6C38FB4CE840D9D874C60F453C9F3C79B23877EE9C7F1D96B3B2B214183BA47395841C41194248EEB241AD52798EBD11D27AF36C1E6AA372F6420EC9A410EEE325E5AD26B3EF84D6A3FCEAAB6AF93865CA944EA0BCFFFEFBE56B3EDF69FFF6CF3EFB2C214750864A764F32CFE1DAC568D3BEB0B4DF6284E8BAFBCC3040526BBEDA173D4B8741A995939323F6ECD92B4EFB7CB2E3A0B8A3F5E28B2FFA2BDD5F7E794082B4AEAE8EC51C823294CE911592A1F2F662549ED2EA598E76720789CACB0B67C105DE6B89C18AB8A3A03C7CF8B0C852DEE2095FA344DF8A55ABE5731472EEBDF75EB98C3C65C798CB66199A0F1B364C7CFAE9A7841C41E9B4526D61715E88F787C24FB911386C31CEA9C637181D859B700B398AB9EC4BCE8172FFFEFDB283FCD77C76DCD72C2AF77D2E9ADA84D8B6A3D2FF8F5E5B5B2BCE9F1762F7EEDD62EBD6ADA2B1B1233FB961C306428EA0745A55B69C64381CA338E5F8E9FD3AC2B654D568AC0B1FE268B5EF38F627E7426FE41A7527993061828424C0E96B6E13A79B5AE436937E9921525252C4881123E47673E6CC61E84D503AAD0C5B181CCEBAC454DBBE7B9D522C5661B05B2A52390CCA2150E2124684DF184B191F1F2FAA6B8F08DF99563F3C4F379D159FED3FE0BFE61BE32871050F4149503AACCD1658B93149488953FB47F2B3C570F772C364E5553257E91028ADD56D78940F3E324FA4A5FF4A2E1716168AEBAE4F12D535B5E2A7378D12F5F5F59C3D88A00C55F8AB0785B71BEE5C9B9D6A048EAFEC71D49CA9F2066E0BE3ABD2C83F99844E7312945BB66CF17B92959595C2A7AAE0869A102370E6208292A074AC9FCE3402AF98714BD601E9D37B13F6CEF7C0079FCFF0BB0380CAD01127F40C943482D213FDB4C0085FA5BB3BB6F4BAA853A612AE5E48FA56909341AF5D4D232809CA3ED84FAD03CCDD8C16336D60EF91C235C0BC3BE118EAC8C92E6747B1873A8EFEA8CF9DDB230E1C582F4A4A5E168B17E7E26E82D2B0DEBADDB7DFBE278FE7E38FD7C8E7B815059E1715FDA14B58ECDEBD2AE86BDF7DB7BDD3BA9D3B578859B3264BCBCE9E26ADB474A96CE7EBAFFF794128E1D8F5F2B66DAFCAE59A9A12FF36B5B5EFA84942764B7BE79DBFE09EDCFED7BFF9663341E96C3FB5CE27E9E65578E38CC031953D52BB878A28AC12763F9D54990A751CF9316FDFFE7709A3B2B2BFCAF6B3B2EEEAF6C7BF68D1A31234E5E57F9376F5D53F16E9E9B74938E1F563C7B6FAB70750B1EEE4C972317EFC58B160C11CDC7C4B42C99013753C74D1D001D8ACEB060E1C20EFA7ADDBB2B68BBB21EED9F3BA18322426E03D00E31D77FC4C0214DB65648C179B372FF1C378F5EA8504A573FDD4FADCCD8970A26DC7D2E7E12468176F4EFDA0E11502381F7DB43AC04BB4430CE081D7D6DADA3170FD8D37F2FDCB6BD6E475D97E30CF5183E4ADB71675F26C1312AE11AFBCF2B8049F157EDA8B0DD6CE934FCE9230D65EAFFE13D01EA43E7EDCDE17EDDC7AEB28B92FC076ECD81BE53EF4760E8392E60DC6F4FA58E851F68D7F6A4C703AD5F25D39F26346B8ADF7B17EFD6209C72BAE88905E9675BBEFBFFF506EB374E97C75F9E3237E18C03BD321B9860D6E85505FFF2FE9BDE13DDD8112C0C5F65D19B605C8F523DEB363C772BF27BB6CD9D3E2CA2B07C9E38C8A8A949EF1BE7DFF08481DE0B92167752F95CFB507ACBD5EEC87A1B7A3FDF4B2F228BD92A34C648E326807B403D2F11C253CBEEAEA8D1290F0E0B00E9EE3F1E3EF77F23CDF7EFBCF328FA84100EF0FB08377092F5083086DC2C343588E7CA3DE1EA12EC25C1DEA027678ADB171A7842DBC3E4016E004B8E1F1E1353CFFFCF3B5F2D10A3F9DBBD429010D551DFE5BE1876347E88DED6FB9E526F1FCF3399D5204F034094AC7FAE96595A344F235DD031F3CAADEBBC8C9806B622F740B0D477ECC3A3709200124001880045062FDDD77FFC2BF2DC2F3EBAF1F2E9E7A6AB6F422E1D9A1E0833CA5CE43C243B5C3E281077EED5FB686E83A440E562C428E511F03DABDEAAAC112CA7A3B78AEB7DD36C60F5C7890FAD8756107908E8F1FEAF72061F094D1D6E38F67752A16E1FCE9513ADA4F2FABAA37C651CEF3C0078FB14EBC0F72D71E6448400920C143D48043BB002296E1515AF3821A9CF02CADEB74481C2C87A841092F10CBAFBFFE7C272FD5FE1E804B87FA80171EED00D65EA086293CDA316346F88B343ACFAA2BE1D6B69193D4C786D44057C52282B2D7FDB4D0F0C638CA3CCB7114F6B49199BDA1AC83F28A67DB67FED19DFC4123AFA797E1950D1A14256EBE39B9D3F020143DD2D252C4A38FCEF0C30F61BB7EB456BC61F0EA003B84E7BA6DFBBEF13E2BFC101EA31073DF7D19D234FCE0B95ADF8B7DA14A6DC8FBFFE4CAED6EBCF12701F9533B28E151E2BCF4EB1ADC5886774D503AAA598637AECCB14EE6DBE37930713D2666D68875F14492D43144937FE10325727F86AA182394D5E0D370017CF47EF03A960119ED05EAAAB21D98F052F53E162EFC9D5CA73D44ECCB0E13E436013DDD3E7294307889FA58AC45279D77D4B94843159450D0D1C7D31528E125E3F891FFC49F03C08D7CE5942969729C2541E978DDC17AADB71B338459F3932DBD3D06CCF091ED72D8BD82EC0B1F28011B6BA8ACA1098FCC1EAA062BFEA02873CF3D93FCEBE031A298620F6101303D3C08B946787BF0326118E378E79D3FF7BF0E385AC777DA4375004E7B9F28EA607B78883A8F8947BCCF0A2A6BF51E00C7E077C01870B69E5355D59B41414E50F65AD63CA51B3394155BF65FDCDBC6EE52EEA91BC384E0C99E32DC9DBDA85F87DE345EC218A6F01B55F0700E131A6D04CEAC9EE244A355EAA4C2AD15BD49B012943482D2D38AB0E5089F71C99B2D71AAD174A3638C51386FF6857DD618BCCF37414950F617AFB2DD29CFAE1BCDB3ED739CD3DEDDDA3085E07AB2DE0CF6238292A0BCEC659DE9BCDA086DF178A62DE4CE09959B1CEAF18C49CA939CC7FE43501294FD42C38DC09B7D613860748820D9683858C0E94A712A040F552E2159419293F412940465FF1266BDF25920861CA29345DC79364FB22CD4693D1CFCA110C02C5DFDABD093242809CAFE295CEED86204DE1D31B3976DA2BABDCBE83CCD5B586A1FF02C5129AA7220111AABF29F35CC4912940465BF57862D3CBED04CFE17D238155AB7DBDA2A365C2810CF55A1384077A9D52AE422F394175964B0BA4D501294D4FFBDC0A346E7598874243B4BF146E731A31518331553AA82BC17C0CC71F3A462D4C1E1C4305B488172A1470749D8E2DF225F256B1B156039989CA02428A9605C79298877D9132B311C1E02E44442364FB9CA876C6E6F9D05A4E906AFDD2628094AEAE26A2270AE7C9708C7161566A7F023A4822A2A2AF2BCF5DA689AB7ECCC997F7FA39C08EAE215AD22D202E588D943F33A15A9E24ABE99863B936C507D4963C68C385E51F11AA1E451DBB4E9E52D46C79C8D1445B9A589136FDD989FFF30A1E4519B366DE29B0627A2A62897933A89C3C62726C6B7059B219CE6BA1D1A3060C00195CFA728CA4D25245CB36FC9922708268FD9D4A913971BDEB86B004551A6460F1972657365653101E511ABA858BEC9E8283A8C63F7A428EF28233E7EE869C2D21B903443EE5AA3E3A65B1445790D969191577CBF68D1DC06E62CDDC949AA70BB8E90A4288F87E10307FE685B4CCCE0930F3DF49BFFBCF7DEAB751C6719DA7192180284EAB62ADC9433DCA6A8BE235CA580AB1C309B8A7596169AB386C1E41827892140AC6E53144551144551144551144551144551144551144551144551144551144551144551D4E5AEFF011124419C3E3D13950000000049454E44AE426082, '1');
INSERT INTO `ACT_GE_BYTEARRAY` VALUES ('15', '1', '/bpmn/SalaryAdjust.SalaryAdjust.png', '7', 0x89504E470D0A1A0A0000000D49484452000002F8000000E60806000000A061F121000030334944415478DAED9D0B741455B6BFCB107989032A228B9B51146690A5FEC5818941838246410D577C0E9761943B2A17471810511415194144A3E66A44E4EDA8838F4103222232431494F0F2C975315E64E9A8571C4191018C10F5FCFB57D4E9A9543AEFEE7475E7FBD6DAABABBBABAB2B7576FAFCCE3EFBEC721C00000000000000000000000000000000000000000000000000000000000000000080C6C0989296D3A78F1F77C515F9EF64679F50D6B26573A397B1F85BB366193F76E992B5FDF4D37B2CEDD2E5987E781F00000000C495B9736F1FD1AF5FAFBD9D3B773293275F6B4A4A669AB2B235C6988D58024CD7B6B474BE2928186DBA753B665FA74E47BE13698613F14400000000683073E64C5CD4B1E311A6B070AC292F5F87004F821515DD64DAB56BF36DEBD6CD2FC42301000000A041E2BE6BD79FBAD1648476726DD3A6674CFBF6EDFE1969967C3C1300000000EA8CD27214B947DC874BE4B76AD57CA743BA0E00000000D4052DA855CEBDD27210D6E1B28282D15F656666AEC44B01000000A0D6A85A8E16D492731F4E3BFCF0B69F469A29074F05000000805AA15298AA96135B60C666D8B061D1328FA3468D325583406FA88D1A357843E43A17E0A900000000502B54E75EA5306B12F893264D320B172E74B77BF5EA655E7A699959BB6E9D39EAA8A3DCD75E78E10557F0EFDFBF1F811F477BEDB5599F47AEEB063C15000000006A856E6255759D7B63F6ECD953E1C64C252525EEE3AA55ABCCDFFFFE89C9CCCC34CB962D735FFBCB5FFEE23E7EF5D55708FC38D6C98F5CD3723C15000000006A4B3502D398CF3EFBCC15EDAFBCB2C26CDFBEDDDDBEFCF2CBCD9791EDFDE5E5E68A2BAE745FFBE4934FCD3FFFB9DBDDFEF0C30F11F871346F700500000000D070812FFEF0873F98162D5A981D3B0E44E6BFFAEAEB6844FF1FFFF887FBDABE7DFBDCE7AFBEFA2A293A087C0000000008A3C057CACD9C3973A269397BF77E6BE6CF7FCCDD1E3870A019346890BB3D6DDA3DE6BBEFBE73B7972E5D6A66CC98619E79E619C439021F00000000C224F01D5FEE7D7171B1D9BE7D87BBAD05B7962953A6B8AF6DD9B2C57CB8756B85CF20CE11F800000000103281BF7BCFB75131AFE7E79F7FBEF9E1871FA2AF697BC890219EA03F80CDC5479C23F001000000206402DFDADFFEB6D97DBCE0820B2A09FC5FFFFAD7EE7B3B777E13DD7FC284098873043E000000008449E05B468C1861D6AFDF60BED9B9D3159B5A746BB9EBAEBBA29573FEE77FDE770700DBB66D63912D021F00000000C226F0FFFEF7BF9B215E74FE1F3B77BB927DF6DC79EE732DB0BDE4924BDC6DE5E11FA899BFD74DE139E28823CC9B6FBE893847E003000000409804FE7BEFBDE78ACBEF23CFBED8B9D7946E7CD7ECD96FCCF2574BA3A9385BB76E353FFE68CCEBAFBF6E5E7AE925B37BF781FCFB3FFFF9CF8873043E000000008449E00BE5D25B319F9393E38A7B09FE9D7BF79B6FF694B9FBF43B3BCFF4E8D1C31C7BECB1EE7E575D7515293A087C0000000008A3C0DFB3678F9BA6A35AF81D3A74309BB77E62767EBB2F2AFABFD9F39D79E7BDF7CD51471DE5EEAF3AF8BAE32D021F810F000000002114F8FE6A398AE05FFDBB3126B7EF39EE76515191F9E9D19DCDE62D5BCDCF7EDECDECD8B1C35404718EC0070000008078B12262B9F114F82FBEF86234725F5A5A6A767A557564BAEBEDFEFDFB11F8087C00000000481056184AE8E7D44FE063087C00000000089BC0B7B6CC891DD1474423F001000000200505BE3FA29F9B2C81BF63C75F4D5E5EB66BC3860D344B973EE89ED7DB6F2FA8F6736BD6CC731FBFF8E215B36F5F6954F8CE98718BD9B5EB35B3654B7174DFDDBB57B9EFEDDDFBBAF9E187F566D3A667DCD7FCF6FAEB73630AE9FBEFBFDE7CFDF5CAE8F369D34621F00100000020D402DF1FD1CF719210C17FF5D559E690435A45C5EBC68D4F9855AB669B51A37EE53E9E724A37F3ECB3D32A89DCF3CE3B2DBABD72E5A3EEE3279F2C751F2FBAA85F85FD9B35CB30679CF10B57E0EB7D897C3D16168E8D0E00ECBE871EDADA1D20E8350D24962D7BC87CF0C1F3D181C78A158FB8DB1A4820F001000000205E823C61D6D88255225EDF2BA1EFB837CB5AEC3EDAE8BCB6870FBFD8DD57025D8F12D75F7EB9C21D0CBCFBEE53AE693F45E225DE637D4F59D99AA8405EB0E02EF73137B747F47BED7E12F4D3A78F775F7BF2C9C9EEE3D0A1E74707197AFEDC73F7263B829F280300000080040AFCC618306C88587EC432ED7EC910F8AD5AB5888AF98F3F5EE28A743DFA05B915F68E973AA3F49EF5EB1F8F46FD8B8BEF733F73F0C199D108BEF6B7FB2C5EFC40F4783642AFC8BC1D50D8F3519AD0A449C32B0C0414B95FBBF6B1E8739B169466117C043E000000400A0BFCA0B077C222F025D4AD90B5A931FEA8BC84B6AC458BE6D1FD1471B7F9F44AC7513E7F50142F5952582157FFB2CBF2DCFD6C7A8FDDF7F3CF5F368F3D36C97D2D3BFB84E8E73478D06B03079E91AE39F8087C000000801414F8A5111B1443D82755E03BBE141DBBE0550B5ADBB66DE3A6CC043F6373E995C6531F812FB30B7A8311FCF6EDDBB9B9F77A4D69403ADE902103DCDC7BBDAFB5017A4FE78DC007000000806489ADAA22F6A110F8471FDDD18D9CEBFBFBF7EFED8A6E45F21D2F8A1FFC4C51D14DD1A8BEF6E9D9B37B852A3CE3C75F594914EB389F7DF65234BFDE2EAEB5B304B6AA8F3D2745EC654AEDE9DBB7A7BBAD5C7F09FEF2F27544F0010000002025C456A38A552BAE1D2FA27ED8613F31EFBFFFACFB9E44BA5E9F33E7F60A9F59BEFCE14AA93CFE45AFCAC157FA4D5014EB752D9AB5D1797D468F7660114B482B57DF0E1AECE3830F8E2345070000000010F8559922E97EF1AA05AD3FFBD9D1AE9056E51B3B0050F4DDBF9FF2E863097C3D8F25F095FAE378E52DED20C25F433F9690DEBC79A12BEC3B77EE54A97E3F021F0000000010F8355856560773F2C93F77EBD9076BE5579753AF48BBC4BA2D6B69A3FB7E53DA4F30DDC796D7D4625A7F994C89FA0E1D0E771FB5E05635F4478FFE0FF7F9BC7913DDCFD8B29B087C0000000040E063087C00000000043E021F43E00300000020F011F8087C043E00000000021F43E00300000000021F43E00300000000021F43E00300000020F011F8087C043E00000000021F818FC047E00300000020F031043E0000000020F031043E0000000020F031043E0000000002BFA1B468D1FCC7B2B23508E990DAB7DFBEF171A499CA11F80000000008FC5AD1BDFBB15F9494CC444C87D4162DBAEFC548336D40E00300000020F06B459F3EA72C9C3CF95AC474486DE0C03E0B22CD5480C00700000040E0D78AACAC23B2B3B23AEC2F2F5F87A00E9F7D949191F17EA4997210F80000000008FC5AD3A9D3911B0B0BC722A84366F9F97D66459A67453AFA1C00000000023FB11CDFB6ED217B4B4BE723AC43622525B31645DA655BC44E44E00300000020F0EB435E870E877F83C80F87B8CFC8C8D81A6993FC34F73900000000047EA2457EF3E607EF9A3A75E457E4E42727E7DE4BCBD9D608E21E810F000000D044C4D6F1CD9A1DB4BC4D9BD65F0E1F7EF15B2FBFFCF036EAE427B6CEBD4A61AA5A8EB7A05639F72736319F0300000040E037023D22363962AB2356E69D1F167FD34DAC54E75EA530739AB8CF0100000020F001F03900000000C416003E0700000080D8027C0E00000000105B80CF0100000020B600F03900000000C416003E0700000080D8027C0E00000000105B80CF0100000000620BF03900000000C416003E0700000080D802C0E700000000105B80CF0100000000620BF03900000000406C013E0735B6962969397DFAF871575C91FF4E76F609652D5B36375E236271B666CD327EECD2256BFBE9A7F758DAA5CB31FDF02B0CBFC2FFF03F406C410859528BFFFF0D5CA6903277EEED23FAF5EBB5B773E74E66F2E46B4D49C94C5356B6C618B3114B80E9DA9696CE370505A34DB76EC7ECEBD4E9C87722CD70227E85E157F81FFE07087C0811BD22565E83C0CFE73285903973262EEAD8F108535838D69497AFA3A34A821515DD64DAB56BF36DEBD6CD2FC4AF30FC0AFFC3FF00810F21625935E2BE3462995CA21076825DBBFED48DBAD02125D7366D7AC6B46FDFEE9FE93012C6AFF02BFC0F6BAAFE87C087348DE25725F00771794286A6AF15E1A2130C5767D8AA55F39D4E0A4F6BE357F815FE873555FF43E0431A132B177F03D1FBB0FD1A989296CA4DD5F4351D50B8ACA060F4579999992BF12B0CBFC2FFF03F40E04388A2F8C15C7C66E6C286AA4A68E119B9A9E1B4C30F6FFB69A49972F02B0CBFC2FFF03F40E0434828267A1F7254324E5525E874C269A3460DD63F4E017E85E157F81FFE07D530C0135B03B814D008E4F8043E3E1746540F5A25E36AFBC33C6BD644939F7FAEE9DFFF6C73F6D9679A73F2CE34450FDD4CA795207BEDB5599F3B29585716BFC2AFF03FACA9FA5F12C88B98D636147A8FA44B40636073F189DE8711DDECA5B6F5A0E7CFBBD35C707E7F73C9C5035D1B987F9EC9CBEB6B7AF7FEA57988CE3061F5A49D03B96EF815D6E4FD0AFFC3FFA04A719FEF8BE46F47E4439C691FB1C1CE8199B792887DEA54CCC1DFE61C2893393B625747AC7358FF903611BB3462339C03353F3F722A2E28D01FB2DAFB4386452C2B851BADD63FCA03FAE7B91DE039E7F48BDAB9E79E654E3FEDD44867D8938E2B41E6A4665E257E855FE17F5853F5BF6489FB9A5E07A88F8F29DFBECCA9DB1DADCB3DC13F2C2C117EAD0C9EEFFD213AB19BBD3FAE73E00425E8732336D2F787AF700ED4004DB5A98A5AFF20E79E9E631EB87F9A59F2C27366FAC3856E84AB4F6E6FF7F5DEBD7BB1A08D8E10BFC2AFF03F0CFF6B1C06D420E2EDFBE447437DF5F0863A8AFAAA6CB317D54F0A12EC4F79D35A93EA11916FE94D5D6850F0768AFD43D5FA07F9AAAB7E6DB6FDDFA766F5AABF9A652F2D368FFF718E5954FCACF970CBDFCCEFAEFD4FF3FDF7EBE9B8E808F12BFC0AFFC310F88D23EE6BD21A44F2A13EDCED542E83A9E7CB3C8DDC37625D9D03D92E56032B10AE85B7B779FBC58AF82F731A39E3E5524FD86B714ABB381C4F51FC6DDE4C409B74EA086F9D30D2AC2D5D65D6AD5D6DDE7A73BD6BDA5EB7EE0D73EBADBFA7D3A223C4AFF02BFC0FC3FF124B5E1D23F375DD1F9A2ED2AC250151BEDB399077DFB98EC7929E5616CC96C0F1767A038484A391C6470918DDB6F704BEFEB08EE9D0116A9A7AC2846BCCF06B8699F5EBD7984DEFBDEDDA9B6FAE33A346FE97B961EC30F3DD77A5745C7484F8157E85FF6108FCC48AFBFC7A7C6E37221F6A10F7AB0362BCD48BD43704A5AD8F09CC08ECF682EB0917F79D13F81D777BB3035D43DCA835FE10EFDB576A162EBCCF6467FFC26CF9DFCD66ECF5232BD8C68D6B4DAF9E3DCC9F9E9C5AEBCA1518021FBFC2AFF03FFC0F122EEEE3F579486F8291FB494E7CD7941E1FB14DBEE39725CA172F6D04716F19E77D575823F9D5FE08FFF8E306F3C2E2FF36A7F5CE365BB77C60DE7BF72DB3E295A5A6F8F967CC823F3D66E6CC7E24D2492E70A7B54F3DB5A779FAE97BC859A523C4AFF02BFC0F43E0C78F9A16D436F67120BDB83B20EE13155DD72CC1B24024FFF8787E419617556FCCA92ACD16143BE1ACB053ED8FF0EA55F3DD9AD0EAFC56AE7CC53CFFDCD36E07387FDE4CF3E88C874CE103F798BBA7FEC15D9836E391074DDF3373CDD2178BE8C0E808F12BFC0AFFC310F8F113F7F1D22C44F2C18FAAE5940722F789440B72573815CBCEB78FD7C1FFEC1C5850DBD828976964AA7584B74E18E7569450873777CE0CD7663E5A648A1EBADFDC5730D5DC35E50E33F1F69BCDB81B7E6FEE98784BA4132C36378E63611A1D217E855FE17F18023F4E62DC8AFB832276A5F75817829F63E12D58DE762AE6DC374620BABD1768B7DF1B174DDECB3B68BB245CC4E3BDEF6E1FB2C6ADA123BCD12D1D77D9A51799A716FCD1ED00D529DE336DB2993279A2B9F79E296E67A8CE31FF8201E695E52F463AC2D174607484F8157E85FF6108FCF845DA25CEE77AD76D6E1D447E559F43E4439E53315DA631D78BE607BEBB73430FA8CA36B725F162EACEB877A75247F8CE3B2F985B6E1E6B2EBFEC42B7A3D314762CCBC9E9657E33F45766E2EDE3CDC68D8BE8C0E808F12BFC0AFFC310F8F111F78E1781F7E749D746E4FBC5BDB52B7CEF9393DFB459E2F38B82247C7F71BCBE5FC9FD5AB59B95C48BD9D58BE2872917BFE65272FBD79B3D7BDE3005F7DE6006F43FC3E49E9EEDDEE131E7D49EA6774E4F73E6193966CCE82BCDAE5DABDC7DE9BCE808F12BFC0AFFC310F8F5A22AD11D4BAC5727F263ED3F27C6FEE4E4374DDA3BFFBA1955B9D338456782F4722AD6C7AF77768D56059786E0A2AACE686E237CCF8A5A7E0F9D0D1D217E855F3539818FE17F21F89DAC4ADC0FA883688F25F26B2BEE83229F749DA6E37F839D8A77984D16FE1B610DAAEF41941E332E04177EB2D338693AF682A9A173E808E908F12B0C818FE17FA1FA9DAC8FC8AE49E4D755DCFBBF7F3B91FC26E37F054EE355CEA949133778B1ED32CF81938DCEA1A4111BD83F42CBA523A423C4AF30043E86FF85E2773228EE6B2BAEAB12F919F514F7C11904447EFAFB9FFFC656B9493CD74B0303927AD15837B6AA099DC3B62434B0FF02E6C6BB23D4710A0BC7567AADA8E8A62AF77FF5D55966DEBC89156CF7EE55E6934F961AFF79E9353DDFBBF775F3C30FEBCDA64DCFB8AFF9EDF5D7E7C6FC8EFBEFBFDE7CFDF5CAE8F369D346D5F8B72C5952683A753AB2CAF7B76C2936EFBFFF6CCCEF7BFAE9A94D4DE027D4AFEA639F7DF69259B9F2D10AD76FEAD4EB2AED27BFD0DD4CED3E5BB72E36E5E5EBDCED152B1EA955BB4C9F3EBEC67DC68FBF32BABD6CD943D1EDB7DF5E80C04A6381AF739831E3960A7E59D56F54F075F986DE5BBAF441FC2F3D045655BF93F511F7D589FC0F1A20EE1B7A3E905AFEF7A9EFF5AE493CD7139D8A35F1EB8516116486E8E227AB81FD23BA9C780AFCCD9B179ACF3F7FD99C75D62FDD8E49AF3DF9E464535C7C9FBBBD6BD76BEEBE8B173F603A7438DCBCFBEE535181EE17F87A2F37B74785E3376B9661CE38E317AEC0D7B124F2EDA0C20E00ECBE871EDADA15E17A6DCD9A796EA7F6C107CF473B358937FFF9C83EFE7849745BE7DEB973A7E8F3B56B1F8BF9F7EA58CB973F6C860D1B18FD7B1F7FFC4EF7EFD3B61D583411819F10BF6AC835DBB8F189A86FC412335F7CF18AFBDE975FAE88FAAF7C55BE660772279FFCF3E8FEF225B5B36DEFACAC0E2627E724775BA6763FEEB87FAB741E8F3D3629BAFDECB3D32A6D23B0D257E02B10A0DF2A053362B5B93F286005FD85179E69860E3DDFF54BFDDEE17F6925B082BF930D8D98C712F90D11F741914F4E7EFAFA9FFF799B249E6BCBC0B9845654C7EBE237AAC5EBC75A224AA25D82D82FF05BB4685E21E2ADD7ADB8FAED6FFF3D66843CD6779495AD897E7EC182BBDC470D046CE769F793A05764CB7EBF1ED561FA3BB7E79EBBB7D2F9F7ECD9DD3DEF4993869BC30EFB899938F19AE8DF118CCCDB01813AE0934EEA5A41E0C73B921F367F694CBFAAABC9FFD4E612E66A93430E69E53E1E7D74C74A517C0DF0EC40CF0A7C3D4A34691028DF942FF8DBC12F8AE4D70505FFAA8D7EF0C199E6B6DBAE72B7350B657D42035EF99BB6AD6FDBEFD3F922B0D247E00707FC12D79A110CCE70EAF7CFEEA3DFAA071F1CE76EFB030DB1DA2B0DFD0F6BF84D7E326244EE3FF05E6F0885B44D93B130696222F80D18446CF0A20599F1E8081521B5116B756C8A32495C695B22C946CBF57AAC1FF8D34EFB7F15A252EAC0FCD16F89AFF5EB1F775FD3F7D8CFD908BD22F34AADF0FF1D56A4FB07021A7C68E0619FDBD40CFFB958D11F8CE0FBDFD3F7DA8E53DB3A8E35FB7D763B5E9D678A0C4EE3EA57F535F99B844EF0F5B66DDB988B2EEA57294547E7B963C75FDD47EB67F6F9CC99132A0D30158DD5FB761F09386DCB0763A5750523A81A38DAFF17FBBF61FD1A819FBA025F037DFF6F81FD0DB0338D43860C70FDC7FA59AC341B6D77EF7E6C34221FF441FC2F2D22A8C1DFC99AAAE63424825F979B6111C16F7AFE975611FCB0E4E0AB0E7F3272F0833F2C71ED08FD22D846B0FD1D9DA2583545A4AC696A3AD6BEF6188E97DB7AD96579EEC040F9D6FEBF436942EAD4F45A76F609D1CF293AA6D7060E3C23E6F1AB8BE0DB1C7F3B656EA7DF15B1D3DFBD6AD5ECA8298AAF4745E99A80C04FA85F2552E0DB41A24DD1D160D3BE67A3F94AF309B6857F10A7941E6D6BD648B305B1DAAE5BB763DCC19EFF78DA3EE5946EA448A489C0D7DA0DCDFC28BD66D4A85FB9A6DF003B23A46DFBBAFD7DB3034CC75BFF610702415FC3FFD2426055F53B69C5F46E273139F8F511F9E4E0370DFF4BAB1C7C2D2EE81B820BAF7F9ED58DD8C0AAFD3FA89AD98BB80B7CE5C0E7E565571BC1B769118A50699AD99A15E1D75D7779B502DFF1F255FD9DA3DDB77DFB76EEF759F1A69C6A759C76E1A43A59BDA74EB7AE117CFF6BEA5CEDB63A71FFD47CAC014D9A09FC46F1ABFA087C1B95549B2BCDC6B6895D6C684DC2C8AEC388E5A312F9B1DA426961F698575F3DC8DD56F4D43F80D06C91D2C21C6F31792C9F09FA14022B75057ED0EC4CA13F2D50D177FF3E368D508102F9A6B6B51057625D418B56AD5AE07FA92FB06AFA9DAC6FC4BCAA5298B1AAE8D445E45345A7E9F85F5A55D1511DFC3121B8F0AAF9D918B704AE2E62901081AF68B922444AD1B9E492B32A4C35FBC5745566F3F4AB8A5C291D471DA0ED18ED024ABB8056FB69BA5A8FFA3E0D1664127B7DFBF674B715C992E057C4AD3E11FCE0A2625BF1E7820B722B08FC580B73D3A4236C54BFAA4F051D0929B58BDA79F0E073A3D1D2AA668634C8B43EA7819D229E368D21B8383728926C95130D2C344BE08FE85AFFF48B3CFF67E53FFE459408ACD417F81A304E99F23BF7DA6A2651BF69DAD61A10FBDB64CDCE32FAF3E2F55B367AF47F44D729C56A33FC2F25A8EDEF647D22E735D5B9AFEB1D6F2DBAAB2875F09B8EFF1539E1A8833FC9771E45F53DC8E0868C0EE248586612E2D211DA34079BDEA08E46025F6930B6B2C39D778E887628DA47951EB4E03118B957C4CA0A667F9943DB1928F5420B286D74DE2E1C53471AEBEFB09DA715DDF6510BDA82FBFAA3B7C1087E55C2508BDC6C27AA856C4D44E0875660498C2BFAA981DA8D375E11ADB824A124D1AF12A96AB3580335FB78C209C7B911529B02112C97A9D7343B158CA06AD6E8861B86D69803AD73B4B9FED66F25EA1058A9ED7FFA8D50A45CBF1B2AE7EB782930FEDF317FEEBD7E976C49565B7DCC062DE4BB8E571638569BE17F694D4D11F4DADEC4AAAE22DFA6090DA2099A0C439D70DCC97693EF3C2EADEF41DA7B0EDC2E897F4867EF1C5AA65347188C862B2FDD0A2B9B72A38EA8A60E5251569B971AACFF6CA3E88E57F5C446FBFD75CCAB2ADD1914ECFE487F2C8BB57FAC636B0ADC6EFB17AAF9236508FCC631EB3712304A11D3FA8C5883BDE079D524F063D528F77FB6AA3AE5F2512BA0E40B76B061BFDFF12DC00CA60E21B05237825FDD3D31AA0A5CD8FC789B6AA8E0C09C39B7D758AB1EFF4B5BAA8AE4D7F50EB5B515F9F6FB10F74D0BAD072DF3FCA2DCD3C88D8D3FFFBEACA1E7B02462C3927841959E333B5D3B42459F6C2E7AB0C284538BBACBB6DCA515CE415307188C36D9CE51E941FE3299EAF8544F5F8F8A60A986BEA6BEF55CF5F6F5195B76336812EB127AD59DAB3FBA66C5A30634767A5E331108FCE4882B0D2AB5CE42ED2F8B25F835A0B4E55CB5BF7DBCF6DA4BDDCFCAD73450D56C53AC5CFCE08D836299DE737C0B1BFD624CEFF5EFDFDB4DED8A354384C04A7D81AFA8BAD209951E68D30A95F617ABD0C079E79DE6A693F953666C45B1E0A000FF6B3291FC60BACC954EDDEBDCC712F957D461C600D21B7F1EFE6D49F8FEF9BEEF9F1F8F7F1A4D0724A35C663BEF1F368B8E1043E0A7BE25337F1981951EFED7101FC2FF9A84C8F72FBCF58BF5BADCC4AAAACF510A13FC693AAAAAD398E5328FF7660EECF7F788C741DFF6FEA8C64691FBA2103630229A8E10BFC2AF10F818FE173E82E93A077911F8BA96BE0C7EAEA1F5F7213DC8742AE6C0DF9CA4D983E2781DB4AF73A0D666C746FC43F49D5B9CE4DE4C808E908E10BFC210F818FE97DA223F1E330354CB815851FCF27845D26B604CE03B4F8C7734FD29A7715275BA7AFF4C79748418021FC3AFF03F0C819F2491CF4DAC20164B7C827BB393D86234839D8AA9392312352D91E87AF49DBDC8FD9810372C9D0D1D217E855F21F031FC2FDC3434AD86B41CA88A8E5E20DA7FC3A944547B94B8DFEDC471616D55A81C8F5275129573D4D513F777D31162087C0CBFC2FF30047E9C447E5D23F02CA8859AC8F17CC4FE6F2A473E9E4561C60422F7AABD9FD0B4759DFC470910E17DBDD1D0981468543A1B3A42FC0ABF42E063F85F6A50D7341BD272A0B6E85E08653E11AE68FBA50D3CA6AAE5AC762A966A4DB8B8F747F2B58257D5751A9AE8AFBCA5D95EE43E2F451A94CE868E10BFC2AF10F818FE977E22BF97C31D6AA1EEBEB53B8620CFADE371A4A7E707A2F6362DA7D10BCE8C740EA4EC48A0D7751571E7884DF2A2F6339C7056CBA123A423C4AF30043E86FFA507033C2136A09AF7B723EEA19E51F74F03C25C66335E867A3AD9E6E9B7F404FDA59E167E3BC66725F44724F38F6AE39D9CFEB052E7C022DC41DE1FEBA7A337CAD19D695778FF641A1864A56043D2D9D011E257F815021FC3FFD227924F5A0EC4430FDF1D239A5F1F2B76E25C0AB3A1E478627F99376AF14F336CF30D00FA3A89596D4C478821F031FC0AFFC3FFA02E221F710FF124CB0B66EFACA3A8572EFF7CA771EAEA432C5AB468FE6359D91A3A9C90DAB7DFBEF1B137B8C4AFB026EF57F81FFE07D58AFC42C43D2488969E9F157881EF600A8F02DFCA6829720E94C36CCF254B32DDBB1FFB4549C94C3A9D90DAA245F7BD1869A60DF815865FE17FF81F54C3004F68510A13001CA74F9F53164E9E7C2D9D4E486DE0C03E0B9CC4DF900DBFC2AFF85DC3F0BFD4A71D9700005CB2B28EC8CECAEAB0BFBC7C1D1D4FF8ECA38C8C8CF79D03EB41F02BACC9FB15FE87FF0100402DE9D4E9C88D858563E9784266F9F97D66390772DAF02B0CBFC2FFF03F0000A813C7B76D7BC8DED2D2F9744021B19292598B9C038B564EC4AF30FC0AFFC3FF0000A03EE475E870F8377486E1E804333232B63AE9510901BFC2AFF03FACA9FA1F0040383AC3E6CD0FDE3575EAC8AFC85D4D4E6EAA377DBD2DCD3A41FC0ABFC2FFF0BFA6EA7F0000A1E0F866CD0E5ADEA64DEB2F870FBFF8AD975F7E781BF5A4135B0F5A25E35455C25B78A6DCD413F12B0CBFC2FFF03F00008837BAFB98EE5EB6DA397047328325C474B317D58356C9B81CFC0AC3AFF03FFC0F00000020F1182E012489259EFF6572290000000010F890DA28FA5DEE70875200000000043EA405C5CEBFD25E3670390000000010F890BAF472FE15BDB746151A00000000043EA4284B9CCA8B5715C527171F00000000810F2946ACE8BDB5415C1E00000000043EA416CB9CAA4B509672790000000010F8903A5417BD27171F00000000810F29C612A7E61B4951510700000000810FF81F0000000020B000FF03000000406001E07F00000000082C00FC0F000000008105F81F0000000020B000FF03000000406001E07F00000000082C00FC0F00000000810580FF0100000020B000FF03000000000416E07F00000000082C00FC0F00000000810580FF0100000020B000FF03000000000416E07F000000004D97259EA0AACE36709900810F000000901AF48A58790D023F9FCB04087C00000080D4615935E2BE3462995C2240E003000000A40EBDAA11F883B83C80C007000000483D62E5E22BF79EE83D20F001000000529058B9F8E4DE03021F0000002085297688DE03021F000000206DC8F109FC015C0E40E003000000A43E36179FE83D20F001000000D2805E08ACB44003B4BC88153907D2ADCA9C9A6F6886D5DF36476CB677CD191C030000A423C694B49C3E7DFCB82BAEC87F273BFB84B2962D9B23821264CD9A65FCD8A54BD6F6D34FEFB1B44B9763FAE17DCEE0830E3AE8437C2369B6456D801B020000A41173E7DE3EA25FBF5E7B3B77EE64264FBED69494CC3465656B8C311BB10498AE6D69E97C535030DA74EB76CCBE4E9D8E7C27D20C273641D76B19B12710D8A1B1A7BC36010000805466CE9C898B3A763CC214168E35E5E5EB10E049B0A2A29B4CBB766DBE6DDDBAF9854D4CDC57B89741BB76879A9B6F1E6656AF9E6376EE2CC1371264BB77AF321B363C6EEEB863B869DFBE5D50E4AF40E4030000A4B8B8EFDAF5A76E3419E1935CDBB4E91989AD7F3A4DA7967F85C8FD88119798EDDBFF822F34B269203566CC9058917C00000048359496A3C83DE23E5C22BF55ABE63B9DF44FD719EC17948A24D3FEC935B54140E493930F0000904A6841AD72EE959683B8099715148CFE2A333373651ABB5FA67F41AD22F7B47B382C10C9D7C25BAAEB000000A40AAA96A305B5E4DC87D30E3FBCEDA7CE819B78A523798E2FE79EB49C70A5EB6856CFE1E671000000A9874A61AA5A0EA2269C366AD460D5812F4853F72BB202520B6A69EF50A7EACCE6D71200002045509D7B95C2AC6DA73F6BD644939F7FAEE9DFFF6C73F6D9679A73F2CE34450FDD8C204A90BDF6DAACCF9D03377B4A47365801A96A39B477B84CD5759C8A37C302000080544037B1AA6D9DFBF9F3EE34179CDFDF5C72F140D706E69F67F2F2FA9ADEBD7F691E42E427AC4E7EA499CAD3D4FDCAAD80A41466384B683A1517DB020000408A50EB0E7F40FF3C57D89F734EBFA89D7BEE59E6F4D34E8D88FC9E88A204591A8BABA878A49D43ED7B087C0000807415F8B9A7E79807EE9F6696BCF09C99FE70A11BB9EF93DBDB7DBD77EF5E2CD445E023F011F8000000904A02FFAAAB7E6DB6FDDFA766F5AABF9A652F2D368FFF718E5954FCACF970CBDFCCEFAEFD4FF3FDF7EB1145087C043E021F0000005245E0DF3A61A4595BBACAAC5BBBDABCF5E67AD7B4BD6EDD1BE6D65B7F8F2042E023F011F8000000902A025FE93713265C63865F33CCAC5FBFC66C7AEF6DD7DE7C739D1935F2BFCC0D638799EFBE2B451421F011F8087C00000008BBC0DFB7AFD42C5C789FC9CEFE85D9F2BF9BCDD8EB4756B08D1BD79A5E3D7B983F3D39B5D6157930043E021F810F0000004910F83FFEB8C1BCB0F8BFCD69BDB3CDD62D1F98F7DE7DCBAC7865A9297EFE19B3E04F8F9939B31F8988FF056EBACEA9A7F6344F3F7D0FB9F8087C043E021F000000C22AF057AF9AEFD6BA97A85FB9F215F3FC734FBBC27EFEBC99E6D1190F99C207EE31774FFD83BBE076C6230F9ABE67E69AA52F16218E10F8087C043E0000008451E0DF3A619C5B2947427EEE9C19AECD7CB4C8143D74BFB9AF60AAB96BCA1D66E2ED379B7137FCDEDC31F19688B82F36378E63C12D021F818FC007000080900AFC1BDD9298975D7A91796AC11F5D612FB17FCFB4C966CAE489E6DE7BA6B8225FA23FFF8201E695E52F4604FE68C411021F818FC007000080300AFC77DE79C1DC72F35873F96517BA025EA939B12C27A797F9CDD05F9989B78F371B372E421C21F011F8087C00000008A3C0774B64EE5F6FF6EC79C314DC7B8319D0FF0C937B7AB67BE7DA9C537B9ADE393DCD9967E49831A3AF34BB76AD72F7451821F011F8087C00000008B1C0C710F8F56045C47211F8087C00000040E063E921F0ED794BE8E720F011F800000080C0C7D243E05B5BE6548EE823F011F8000000908E025FE7306AD4AF6ABDFFE2C50F986EDD8EA9F0DA962DC5D51E7FFAF4F1359EC3F8F15746B7972D7B28BAFDF6DB0B10F80D17F8FE887E6EA204FE0F3FAC37EFBFFFAC292EBECF4C9B36CAB46FDFCE35BDEEDFEFF3CF5F76BF77EDDAC70EAC33295FE73E9F31E3962ADBE0F5D7E7C67CEFEBAF57567A6DD5AAD966E8D0F35D1B366CA06B4B973EE81EE7830F9EAFB6AD75EE767BF9F2872BF9F7D6AD8BDDF7F6EE7DDDB5E0FFC3C71F2F41E003000020F0932FF02FBCF0CC2ADFCFCE3EC1352B923A753AD2356DCBE6CCB9DD3DC6975FAE70F75FB3669EFBBADD3F2BAB83C9C93929BABF04D171C7FD5BA57378ECB149D1ED679F9D56691B811F1781EF8FE8C74DE0AF5CF9A8DBDE1A98E97843860CA8F19A4E9D7A9D2B9057AC78C4B5C30EFB89E9DBB7A72BAAF5FE679FBD14DD5F0301EB63F2C5DB6EBBCA14148C76C5B45E9F346978ADDB52FEE77FAD59B30C53547453F458FEE36EDAF48C59BFFE71D3B66D9B0A9F91A03FE38C5FB8C25FFBE5E5659B254B0AA3838879F32622F001000010F8C915B012ECD5ED23D17EF2C93FAF24F067CE9C600E39A455A5E3F945798B16CD5DD1649F1F7C70A62BD0B4FDC9274BA3A2E8ACB37E699E7BEE5E77DB464CB5BD79F342F3EEBB4F85254D222D2D1ED74951780965F98A3F2A1F14DF12CC8A92EFDB57EABEFFE49393A3DB769057DB48BD6D9FA79F9E5A6926413E7AFFFDD7BBBEE717ED76D620D6716EB8616874A0AA59063B7871BC88BD3DFF8E1D8F708F73CA29DDDCEFD220E184138E73BFC3EE87C007000040E027C5244E740EC10865D024C87AF6EC6E76ECF8AB2BF465DA96B03AFAE88E15F62D2B5BE3463EF5BECC0A376D2BBD21D660C20944F015CD55A455DB8AEEC68ABC12C1AFDEAFAAB00D11CB8F58663C05BED272ECB134B893A8D7404E516DFF7EBB76BDE6EEF3E083E3DCC729537E17BDC61AD4D9D41D2B92E54BF21B45CBF5999A04BE060AD6EF6299F6D500C43EEA33AFBE3A2B3A73A054320D58759E1A986A2662E3C6272AA418E9B93EAFC1A99EDB19073BCBA0EF41E003000020F09366CA6F77BC087E304FDA6F125837DE78852BA014B594695B425EF9CEB184C98205774523B33662AB148E60C4DFEEAFB40745EAB52D11655FD77791A2D36081EF17F695F689C77552845DB32D12F676C646EDFEC517AF548AF46BA6C6FA8DF53F897445F31575B7025AC754445D033EE5D3DBFD95126353BEF45C225DEFEDDEBDCA1D2428CAAEC1817C4E030E45D8F59E9ECBC7F4E8F777C7CBCD77BCD4213B18B069427ED1AE7397AF6A7F0D74EFBC7344A554A278F92C021F000000815F2F0171C105B951615295C8579432560EBEF2EB257682224EC7CACDED111560575F3D28FAD98B2EEA57411049B8F9459A1358E8284185C0AFB7C02F8DD8A080B08FBBC0B7B9F712D26A2FB5B584B4DAD109ACF1501A8F667D346054D45E91742DC4B5333512F49A1108B6C16F7FFBEF95667BFCA934B116F16A006ACF41C73DF4D0D61566903453A09929EBA78AD8DB73B77EA8C145870E874723F632CD4CE858D75F3FA4D222DE78FA2B021F000000815FAFF41C45DAAD9850F4342894142DD5202096C0572A86F296F5597F9E7C50A46B5F6D4BC4F9D38114CD5564D5092CACF57F5651E1EA661710F8318915B14F98C0B733395698EB9812F2DAD6E0CF9FF76E05BFDADEFF9A4D9D8995236F05BEF5D9C71FBFB3D2AC40F033F2399B1264D77604070E76906907019A41E8DEFDD8E8E259BB8EC0FAA3FFD8CAB9B7E7A619AEAA16F122F001000010F88D2A5CAFBDF6D2E8739BA260057F6D22F88ABC5E72C959318F6DD3281C5F045FFB6B4050530EBE52879466A16D1B8DADAEBC2102BF7EBEE7C4314547C751DEBADDD680AF55AB16E6A493BA561AA06931AA6678AEBBEEF2A868D740CE3EFA2BE8C814459748571A4F7030E91F08FA45BB6696B440F6B2CBF25CB3A25D834CFF67F55DAA7AA3F754DA53FBA9CA937F7D4050E02B82AFBFCBBE6F071C8EAFC42B021F00000081DFE8A2D5E634076BDCEB3DA52D04AB815891A648BB153C4A5BA8A9EEB7E38BE0074D11562BE0754C2BF6EC7571BC340BC757271F811F2E816F6760347093CFD836B43E22D16CBF43EF6B5BE2D846DD6D959AA0D057BBDBEF9838F11AF7351B910F0E121D6FF64962DD1E5F39F83245E5EDB9F81703DBBC7AC7CBB577BC85BE5A68EBF8D2D562097CCD4AE8FCF5BFA0418D061CCAC7D74C97169223F001000010F88D66CA43D622485B41A4AA92984EA00EB915678AB2EB3DFFC2C2DA8894EAA29A367FDB2EACF50F06F45EFFFEBD5DE164CB1722F0C323F02592FD293556EC07EF73106B80A705B49AE5F1AFC950845E8B5C9D40AA8B84B72D93293F50745D517D9952BEE423F67D897A7F7D7E2790D223616EA3FD5A6CABFD159177BC3C7D3DEA73FEF6F75703D2C04337DDD2202298D26617ADC79AA542E003000020F0D3C692993F8FC04FACC0C71AF51E0C00000080C0C710F8087C043E00000020F031043E86C007000000043E021F818F21F0010000007185C047E063087C000000043E86C047E023F001000000818F21F011F8087C00000040E023B210F818021F00000010F8087C043E86C007000040E063087C043E86C007000040E063087C043E021F000000924F8B16CD7F2C2B5B839809A97DFBED1B1F479AA93C4DDDAFDC8AC79D3B4B68EF90D9EEDDAB10F8000000A948F7EEC77E515232134113525BB4E8BE1723CDB4214DDD6F83158FAB57CFA1BD43661B363CEE17F79BF9B50400004811FAF43965E1E4C9D72268426A0307F6591069A6823475BF222B206FBE7918ED1D32BBE38EE17E813F9B5F4B00008014212BEB88ECACAC0EFBCBCBD7216AC2671F656464BC1F69A69C3475BF3C2B20DBB53BD46CDFFE17DA3C24A694A9238F3CEC7B9FC01FC0AF250000400AD1A9D3911B0B0BC7226C4266F9F97D66459A67451ABB5E66C4B658113962C425B47B486CCC9821FEE8FD16AFAD000000208538BE6DDB43F69696CE47DC84C44A4A662D8AB4CBB6889D98E6BE37D82724DDB410DA3F54A939C66B230000004841F23A7438FC1B447E38C47D4646C6D6489BE43711DF7BC22F2815C9A7AA4E72D272C68DFB4D50DC3FC54F230000408A8BFCE6CD0FDE3575EAC8AFC8C94F4ECEBD9796B3AD09897BD132624BFCC25239F95A78ABEA3A88FDC496C254B51C45ED0339F7B2155EDB000000408A737CB366072D6FD3A6F597C3875FFCD6CB2F3FBC8D3AF989AD73AF5298AA96E32DA895A83AB109FA9D84E41301818925CF9E42DC030000A41F3D22363962AB235686E04998E9664FAA07AF529839B89D9BEFBD05BF489A6D71C8B9070000008038A38A2D2AA159E40D7ECA11DE0917F5AA733FC0A15A0E000000000000000000000000000000000000000000000000000000000000000000000000000000000000000000000000848CFF0F65A9439926F7484D0000000049454E44AE426082, '1');
INSERT INTO `ACT_GE_BYTEARRAY` VALUES ('8', '1', '/bpmn/Vacation.bpmn', '7', 0x3C3F786D6C2076657273696F6E3D22312E302220656E636F64696E673D225554462D38223F3E0A3C646566696E6974696F6E7320786D6C6E733D22687474703A2F2F7777772E6F6D672E6F72672F737065632F42504D4E2F32303130303532342F4D4F44454C220A09786D6C6E733A7873693D22687474703A2F2F7777772E77332E6F72672F323030312F584D4C536368656D612D696E7374616E63652220786D6C6E733A61637469766974693D22687474703A2F2F61637469766974692E6F72672F62706D6E220A09786D6C6E733A62706D6E64693D22687474703A2F2F7777772E6F6D672E6F72672F737065632F42504D4E2F32303130303532342F44492220786D6C6E733A6F6D6764633D22687474703A2F2F7777772E6F6D672E6F72672F737065632F44442F32303130303532342F4443220A09786D6C6E733A6F6D6764693D22687474703A2F2F7777772E6F6D672E6F72672F737065632F44442F32303130303532342F44492220747970654C616E67756167653D22687474703A2F2F7777772E77332E6F72672F323030312F584D4C536368656D61220A0965787072657373696F6E4C616E67756167653D22687474703A2F2F7777772E77332E6F72672F313939392F585061746822207461726765744E616D6573706163653D22687474703A2F2F7777772E61637469766974692E6F72672F74657374223E0A093C70726F636573732069643D225661636174696F6E22206E616D653D22E8AFB7E58187E794B3E8AFB7223E0A09093C73746172744576656E742069643D2273746172746576656E743122206E616D653D225374617274223E3C2F73746172744576656E743E0A09093C757365725461736B2069643D22757365727461736B3122206E616D653D22E5A1ABE58699E8AFB7E58187E794B3E8AFB7220A09090961637469766974693A63616E64696461746547726F7570733D22656D706C6F796565223E3C2F757365725461736B3E0A09093C757365725461736B2069643D22757365727461736B3222206E616D653D22E7BB8FE79086E5AEA1E689B9220A09090961637469766974693A63616E64696461746547726F7570733D226D616E61676572223E3C2F757365725461736B3E0A09093C757365725461736B2069643D22757365727461736B3322206E616D653D22E680BBE79B91E5AEA1E689B9220A09090961637469766974693A63616E64696461746547726F7570733D226469726563746F72223E3C2F757365725461736B3E0A09093C757365725461736B2069643D22757365727461736B3422206E616D653D22E4BABAE58A9BE8B584E6BA90E5AEA1E689B9220A09090961637469766974693A63616E64696461746547726F7570733D226872223E3C2F757365725461736B3E0A09093C656E644576656E742069643D22656E646576656E743122206E616D653D22456E64223E3C2F656E644576656E743E0A09093C6578636C7573697665476174657761792069643D226578636C7573697665676174657761793122206E616D653D224578636C75736976652047617465776179223E3C2F6578636C7573697665476174657761793E0A09093C73657175656E6365466C6F772069643D22666C6F773122206E616D653D222220736F757263655265663D2273746172746576656E7431220A0909097461726765745265663D22757365727461736B31223E3C2F73657175656E6365466C6F773E0A09093C73657175656E6365466C6F772069643D22666C6F773722206E616D653D222220736F757263655265663D22757365727461736B31220A0909097461726765745265663D226578636C75736976656761746577617931223E3C2F73657175656E6365466C6F773E0A09093C73657175656E6365466C6F772069643D22666C6F773822206E616D653D22E5B08FE4BA8EE7AD89E4BA8E33E5A4A92220736F757263655265663D226578636C75736976656761746577617931220A0909097461726765745265663D22757365727461736B32223E0A0909093C636F6E646974696F6E45787072657373696F6E207873693A747970653D2274466F726D616C45787072657373696F6E223E3C215B43444154415B0A20202020090909247B6172672E64617973203C3D20337D0A0909095D5D3E3C2F636F6E646974696F6E45787072657373696F6E3E0A09093C2F73657175656E6365466C6F773E0A09093C73657175656E6365466C6F772069643D22666C6F77313222206E616D653D22E5A4A7E4BA8E33E5A4A92220736F757263655265663D226578636C75736976656761746577617931220A0909097461726765745265663D22757365727461736B33223E0A0909093C636F6E646974696F6E45787072657373696F6E207873693A747970653D2274466F726D616C45787072657373696F6E223E3C215B43444154415B0A20202020090909247B6172672E64617973203E20337D0A0909095D5D3E3C2F636F6E646974696F6E45787072657373696F6E3E0A09093C2F73657175656E6365466C6F773E0A09093C73657175656E6365466C6F772069643D22666C6F77313322206E616D653D222220736F757263655265663D22757365727461736B32220A0909097461726765745265663D22757365727461736B34223E3C2F73657175656E6365466C6F773E0A09093C73657175656E6365466C6F772069643D22666C6F77313422206E616D653D222220736F757263655265663D22757365727461736B33220A0909097461726765745265663D22757365727461736B34223E3C2F73657175656E6365466C6F773E0A09093C73657175656E6365466C6F772069643D22666C6F77313522206E616D653D222220736F757263655265663D22757365727461736B34220A0909097461726765745265663D22656E646576656E7431223E3C2F73657175656E6365466C6F773E0A093C2F70726F636573733E0A093C62706D6E64693A42504D4E4469616772616D2069643D2242504D4E4469616772616D5F5661636174696F6E223E0A09093C62706D6E64693A42504D4E506C616E652062706D6E456C656D656E743D225661636174696F6E222069643D2242504D4E506C616E655F5661636174696F6E223E0A0909093C62706D6E64693A42504D4E53686170652062706D6E456C656D656E743D2273746172746576656E7431220A0909090969643D2242504D4E53686170655F73746172746576656E7431223E0A090909093C6F6D6764633A426F756E6473206865696768743D223335222077696474683D2233352220783D2236302220793D22323031223E3C2F6F6D6764633A426F756E64733E0A0909093C2F62706D6E64693A42504D4E53686170653E0A0909093C62706D6E64693A42504D4E53686170652062706D6E456C656D656E743D22757365727461736B31222069643D2242504D4E53686170655F757365727461736B31223E0A090909093C6F6D6764633A426F756E6473206865696768743D223535222077696474683D223130352220783D223135302220793D22313931223E3C2F6F6D6764633A426F756E64733E0A0909093C2F62706D6E64693A42504D4E53686170653E0A0909093C62706D6E64693A42504D4E53686170652062706D6E456C656D656E743D22757365727461736B32222069643D2242504D4E53686170655F757365727461736B32223E0A090909093C6F6D6764633A426F756E6473206865696768743D223535222077696474683D223130352220783D223433302220793D22313031223E3C2F6F6D6764633A426F756E64733E0A0909093C2F62706D6E64693A42504D4E53686170653E0A0909093C62706D6E64693A42504D4E53686170652062706D6E456C656D656E743D22757365727461736B33222069643D2242504D4E53686170655F757365727461736B33223E0A090909093C6F6D6764633A426F756E6473206865696768743D223535222077696474683D223130352220783D223433302220793D22313931223E3C2F6F6D6764633A426F756E64733E0A0909093C2F62706D6E64693A42504D4E53686170653E0A0909093C62706D6E64693A42504D4E53686170652062706D6E456C656D656E743D22757365727461736B34222069643D2242504D4E53686170655F757365727461736B34223E0A090909093C6F6D6764633A426F756E6473206865696768743D223535222077696474683D223130352220783D223536372220793D22313434223E3C2F6F6D6764633A426F756E64733E0A0909093C2F62706D6E64693A42504D4E53686170653E0A0909093C62706D6E64693A42504D4E53686170652062706D6E456C656D656E743D22656E646576656E7431222069643D2242504D4E53686170655F656E646576656E7431223E0A090909093C6F6D6764633A426F756E6473206865696768743D223335222077696474683D2233352220783D223733302220793D22313534223E3C2F6F6D6764633A426F756E64733E0A0909093C2F62706D6E64693A42504D4E53686170653E0A0909093C62706D6E64693A42504D4E53686170652062706D6E456C656D656E743D226578636C75736976656761746577617931220A0909090969643D2242504D4E53686170655F6578636C75736976656761746577617931223E0A090909093C6F6D6764633A426F756E6473206865696768743D223430222077696474683D2234302220783D223330362220793D22313938223E3C2F6F6D6764633A426F756E64733E0A0909093C2F62706D6E64693A42504D4E53686170653E0A0909093C62706D6E64693A42504D4E456467652062706D6E456C656D656E743D22666C6F7731222069643D2242504D4E456467655F666C6F7731223E0A090909093C6F6D6764693A776179706F696E7420783D2239352220793D22323138223E3C2F6F6D6764693A776179706F696E743E0A090909093C6F6D6764693A776179706F696E7420783D223135302220793D22323138223E3C2F6F6D6764693A776179706F696E743E0A0909093C2F62706D6E64693A42504D4E456467653E0A0909093C62706D6E64693A42504D4E456467652062706D6E456C656D656E743D22666C6F7737222069643D2242504D4E456467655F666C6F7737223E0A090909093C6F6D6764693A776179706F696E7420783D223235352220793D22323138223E3C2F6F6D6764693A776179706F696E743E0A090909093C6F6D6764693A776179706F696E7420783D223330362220793D22323138223E3C2F6F6D6764693A776179706F696E743E0A0909093C2F62706D6E64693A42504D4E456467653E0A0909093C62706D6E64693A42504D4E456467652062706D6E456C656D656E743D22666C6F7738222069643D2242504D4E456467655F666C6F7738223E0A090909093C6F6D6764693A776179706F696E7420783D223332362220793D22313938223E3C2F6F6D6764693A776179706F696E743E0A090909093C6F6D6764693A776179706F696E7420783D223332362220793D22313238223E3C2F6F6D6764693A776179706F696E743E0A090909093C6F6D6764693A776179706F696E7420783D223433302220793D22313238223E3C2F6F6D6764693A776179706F696E743E0A090909093C62706D6E64693A42504D4E4C6162656C3E0A09090909093C6F6D6764633A426F756E6473206865696768743D223134222077696474683D223130302220783D222D32332220793D222D3134223E3C2F6F6D6764633A426F756E64733E0A090909093C2F62706D6E64693A42504D4E4C6162656C3E0A0909093C2F62706D6E64693A42504D4E456467653E0A0909093C62706D6E64693A42504D4E456467652062706D6E456C656D656E743D22666C6F773132222069643D2242504D4E456467655F666C6F773132223E0A090909093C6F6D6764693A776179706F696E7420783D223334362220793D22323138223E3C2F6F6D6764693A776179706F696E743E0A090909093C6F6D6764693A776179706F696E7420783D223433302220793D22323138223E3C2F6F6D6764693A776179706F696E743E0A090909093C62706D6E64693A42504D4E4C6162656C3E0A09090909093C6F6D6764633A426F756E6473206865696768743D223134222077696474683D223130302220783D222D32362220793D2237223E3C2F6F6D6764633A426F756E64733E0A090909093C2F62706D6E64693A42504D4E4C6162656C3E0A0909093C2F62706D6E64693A42504D4E456467653E0A0909093C62706D6E64693A42504D4E456467652062706D6E456C656D656E743D22666C6F773133222069643D2242504D4E456467655F666C6F773133223E0A090909093C6F6D6764693A776179706F696E7420783D223533352220793D22313238223E3C2F6F6D6764693A776179706F696E743E0A090909093C6F6D6764693A776179706F696E7420783D223631382220793D22313238223E3C2F6F6D6764693A776179706F696E743E0A090909093C6F6D6764693A776179706F696E7420783D223631392220793D22313434223E3C2F6F6D6764693A776179706F696E743E0A0909093C2F62706D6E64693A42504D4E456467653E0A0909093C62706D6E64693A42504D4E456467652062706D6E456C656D656E743D22666C6F773134222069643D2242504D4E456467655F666C6F773134223E0A090909093C6F6D6764693A776179706F696E7420783D223533352220793D22323138223E3C2F6F6D6764693A776179706F696E743E0A090909093C6F6D6764693A776179706F696E7420783D223631382220793D22323138223E3C2F6F6D6764693A776179706F696E743E0A090909093C6F6D6764693A776179706F696E7420783D223631392220793D22313939223E3C2F6F6D6764693A776179706F696E743E0A0909093C2F62706D6E64693A42504D4E456467653E0A0909093C62706D6E64693A42504D4E456467652062706D6E456C656D656E743D22666C6F773135222069643D2242504D4E456467655F666C6F773135223E0A090909093C6F6D6764693A776179706F696E7420783D223637322220793D22313731223E3C2F6F6D6764693A776179706F696E743E0A090909093C6F6D6764693A776179706F696E7420783D223733302220793D22313731223E3C2F6F6D6764693A776179706F696E743E0A0909093C2F62706D6E64693A42504D4E456467653E0A09093C2F62706D6E64693A42504D4E506C616E653E0A093C2F62706D6E64693A42504D4E4469616772616D3E0A3C2F646566696E6974696F6E733E, '0');
INSERT INTO `ACT_GE_BYTEARRAY` VALUES ('9', '1', '/bpmn/ExpenseAccount.bpmn', '7', 0x3C3F786D6C2076657273696F6E3D22312E302220656E636F64696E673D225554462D38223F3E0A3C646566696E6974696F6E7320786D6C6E733D22687474703A2F2F7777772E6F6D672E6F72672F737065632F42504D4E2F32303130303532342F4D4F44454C220A09786D6C6E733A7873693D22687474703A2F2F7777772E77332E6F72672F323030312F584D4C536368656D612D696E7374616E63652220786D6C6E733A61637469766974693D22687474703A2F2F61637469766974692E6F72672F62706D6E220A09786D6C6E733A62706D6E64693D22687474703A2F2F7777772E6F6D672E6F72672F737065632F42504D4E2F32303130303532342F44492220786D6C6E733A6F6D6764633D22687474703A2F2F7777772E6F6D672E6F72672F737065632F44442F32303130303532342F4443220A09786D6C6E733A6F6D6764693D22687474703A2F2F7777772E6F6D672E6F72672F737065632F44442F32303130303532342F44492220747970654C616E67756167653D22687474703A2F2F7777772E77332E6F72672F323030312F584D4C536368656D61220A0965787072657373696F6E4C616E67756167653D22687474703A2F2F7777772E77332E6F72672F313939392F585061746822207461726765744E616D6573706163653D22687474703A2F2F7777772E61637469766974692E6F72672F74657374223E0A093C70726F636573732069643D22457870656E73654163636F756E7422206E616D653D22E68AA5E99480E794B3E8AFB7223E0A09093C73746172744576656E742069643D2273746172746576656E743122206E616D653D225374617274223E3C2F73746172744576656E743E0A09093C757365725461736B2069643D22757365727461736B3122206E616D653D22E8B4A2E58AA1E5AEA1E689B9220A09090961637469766974693A63616E64696461746547726F7570733D2266696E616E6365223E3C2F757365725461736B3E0A09093C736572766963655461736B2069643D22736572766963657461736B3122206E616D653D22E993B6E8A18CE8BDACE8B4A6220A09090961637469766974693A65787072657373696F6E3D22247B70726F63657373536572766963652E62616E6B5472616E7366657228657865637574696F6E297D223E3C2F736572766963655461736B3E0A09093C626F756E646172794576656E742069643D22626F756E646172796572726F7231222063616E63656C41637469766974793D2266616C7365220A0909096174746163686564546F5265663D22736572766963657461736B31223E0A0909093C6572726F724576656E74446566696E6974696F6E3E3C2F6572726F724576656E74446566696E6974696F6E3E0A09093C2F626F756E646172794576656E743E0A09093C757365725461736B2069643D22757365727461736B3222206E616D653D22E5A1ABE58699E794B3E8AFB7220A09090961637469766974693A63616E64696461746547726F7570733D22656D706C6F796565223E3C2F757365725461736B3E0A09093C656E644576656E742069643D22656E646576656E743122206E616D653D22456E64223E3C2F656E644576656E743E0A09093C757365725461736B2069643D22757365727461736B3322206E616D653D22E78EB0E98791E694AFE4BB98220A09090961637469766974693A63616E64696461746547726F7570733D2266696E616E6365223E3C2F757365725461736B3E0A09093C73657175656E6365466C6F772069643D22666C6F773122206E616D653D222220736F757263655265663D2273746172746576656E7431220A0909097461726765745265663D22757365727461736B32223E3C2F73657175656E6365466C6F773E0A09093C73657175656E6365466C6F772069643D22666C6F773222206E616D653D222220736F757263655265663D22757365727461736B32220A0909097461726765745265663D22757365727461736B31223E3C2F73657175656E6365466C6F773E0A09093C73657175656E6365466C6F772069643D22666C6F773322206E616D653D222220736F757263655265663D22757365727461736B31220A0909097461726765745265663D22736572766963657461736B31223E3C2F73657175656E6365466C6F773E0A09093C73657175656E6365466C6F772069643D22666C6F773622206E616D653D222220736F757263655265663D22626F756E646172796572726F7231220A0909097461726765745265663D22757365727461736B33223E3C2F73657175656E6365466C6F773E0A09093C73657175656E6365466C6F772069643D22666C6F773722206E616D653D222220736F757263655265663D22757365727461736B33220A0909097461726765745265663D22656E646576656E7431223E3C2F73657175656E6365466C6F773E0A09093C73657175656E6365466C6F772069643D22666C6F773822206E616D653D222220736F757263655265663D22736572766963657461736B31220A0909097461726765745265663D22656E646576656E7431223E3C2F73657175656E6365466C6F773E0A093C2F70726F636573733E0A093C62706D6E64693A42504D4E4469616772616D2069643D2242504D4E4469616772616D5F457870656E73654163636F756E74223E0A09093C62706D6E64693A42504D4E506C616E652062706D6E456C656D656E743D22457870656E73654163636F756E74220A09090969643D2242504D4E506C616E655F457870656E73654163636F756E74223E0A0909093C62706D6E64693A42504D4E53686170652062706D6E456C656D656E743D2273746172746576656E7431220A0909090969643D2242504D4E53686170655F73746172746576656E7431223E0A090909093C6F6D6764633A426F756E6473206865696768743D223335222077696474683D2233352220783D2237302220793D22313330223E3C2F6F6D6764633A426F756E64733E0A0909093C2F62706D6E64693A42504D4E53686170653E0A0909093C62706D6E64693A42504D4E53686170652062706D6E456C656D656E743D22757365727461736B31222069643D2242504D4E53686170655F757365727461736B31223E0A090909093C6F6D6764633A426F756E6473206865696768743D223535222077696474683D223130352220783D223330302220793D22313230223E3C2F6F6D6764633A426F756E64733E0A0909093C2F62706D6E64693A42504D4E53686170653E0A0909093C62706D6E64693A42504D4E53686170652062706D6E456C656D656E743D22736572766963657461736B31220A0909090969643D2242504D4E53686170655F736572766963657461736B31223E0A090909093C6F6D6764633A426F756E6473206865696768743D223535222077696474683D223130352220783D223436302220793D22313230223E3C2F6F6D6764633A426F756E64733E0A0909093C2F62706D6E64693A42504D4E53686170653E0A0909093C62706D6E64693A42504D4E53686170652062706D6E456C656D656E743D22626F756E646172796572726F7231220A0909090969643D2242504D4E53686170655F626F756E646172796572726F7231223E0A090909093C6F6D6764633A426F756E6473206865696768743D223330222077696474683D2233302220783D223530302220793D22313630223E3C2F6F6D6764633A426F756E64733E0A0909093C2F62706D6E64693A42504D4E53686170653E0A0909093C62706D6E64693A42504D4E53686170652062706D6E456C656D656E743D22757365727461736B32222069643D2242504D4E53686170655F757365727461736B32223E0A090909093C6F6D6764633A426F756E6473206865696768743D223535222077696474683D223130352220783D223135302220793D22313230223E3C2F6F6D6764633A426F756E64733E0A0909093C2F62706D6E64693A42504D4E53686170653E0A0909093C62706D6E64693A42504D4E53686170652062706D6E456C656D656E743D22656E646576656E7431222069643D2242504D4E53686170655F656E646576656E7431223E0A090909093C6F6D6764633A426F756E6473206865696768743D223335222077696474683D2233352220783D223634322220793D22313330223E3C2F6F6D6764633A426F756E64733E0A0909093C2F62706D6E64693A42504D4E53686170653E0A0909093C62706D6E64693A42504D4E53686170652062706D6E456C656D656E743D22757365727461736B33222069643D2242504D4E53686170655F757365727461736B33223E0A090909093C6F6D6764633A426F756E6473206865696768743D223535222077696474683D223130352220783D223436322220793D22323230223E3C2F6F6D6764633A426F756E64733E0A0909093C2F62706D6E64693A42504D4E53686170653E0A0909093C62706D6E64693A42504D4E456467652062706D6E456C656D656E743D22666C6F7731222069643D2242504D4E456467655F666C6F7731223E0A090909093C6F6D6764693A776179706F696E7420783D223130352220793D22313437223E3C2F6F6D6764693A776179706F696E743E0A090909093C6F6D6764693A776179706F696E7420783D223135302220793D22313437223E3C2F6F6D6764693A776179706F696E743E0A0909093C2F62706D6E64693A42504D4E456467653E0A0909093C62706D6E64693A42504D4E456467652062706D6E456C656D656E743D22666C6F7732222069643D2242504D4E456467655F666C6F7732223E0A090909093C6F6D6764693A776179706F696E7420783D223235352220793D22313437223E3C2F6F6D6764693A776179706F696E743E0A090909093C6F6D6764693A776179706F696E7420783D223330302220793D22313437223E3C2F6F6D6764693A776179706F696E743E0A0909093C2F62706D6E64693A42504D4E456467653E0A0909093C62706D6E64693A42504D4E456467652062706D6E456C656D656E743D22666C6F7733222069643D2242504D4E456467655F666C6F7733223E0A090909093C6F6D6764693A776179706F696E7420783D223430352220793D22313437223E3C2F6F6D6764693A776179706F696E743E0A090909093C6F6D6764693A776179706F696E7420783D223436302220793D22313437223E3C2F6F6D6764693A776179706F696E743E0A0909093C2F62706D6E64693A42504D4E456467653E0A0909093C62706D6E64693A42504D4E456467652062706D6E456C656D656E743D22666C6F7736222069643D2242504D4E456467655F666C6F7736223E0A090909093C6F6D6764693A776179706F696E7420783D223531352220793D22313930223E3C2F6F6D6764693A776179706F696E743E0A090909093C6F6D6764693A776179706F696E7420783D223531342220793D22323230223E3C2F6F6D6764693A776179706F696E743E0A0909093C2F62706D6E64693A42504D4E456467653E0A0909093C62706D6E64693A42504D4E456467652062706D6E456C656D656E743D22666C6F7737222069643D2242504D4E456467655F666C6F7737223E0A090909093C6F6D6764693A776179706F696E7420783D223536372220793D22323437223E3C2F6F6D6764693A776179706F696E743E0A090909093C6F6D6764693A776179706F696E7420783D223635392220793D22323437223E3C2F6F6D6764693A776179706F696E743E0A090909093C6F6D6764693A776179706F696E7420783D223635392220793D22313635223E3C2F6F6D6764693A776179706F696E743E0A0909093C2F62706D6E64693A42504D4E456467653E0A0909093C62706D6E64693A42504D4E456467652062706D6E456C656D656E743D22666C6F7738222069643D2242504D4E456467655F666C6F7738223E0A090909093C6F6D6764693A776179706F696E7420783D223536352220793D22313437223E3C2F6F6D6764693A776179706F696E743E0A090909093C6F6D6764693A776179706F696E7420783D223634322220793D22313437223E3C2F6F6D6764693A776179706F696E743E0A0909093C2F62706D6E64693A42504D4E456467653E0A09093C2F62706D6E64693A42504D4E506C616E653E0A093C2F62706D6E64693A42504D4E4469616772616D3E0A3C2F646566696E6974696F6E733E, '0');

-- ----------------------------
-- Table structure for `ACT_GE_PROPERTY`
-- ----------------------------
DROP TABLE IF EXISTS `ACT_GE_PROPERTY`;
CREATE TABLE `ACT_GE_PROPERTY` (
  `NAME_` varchar(64) COLLATE utf8_bin NOT NULL DEFAULT '',
  `VALUE_` varchar(300) COLLATE utf8_bin DEFAULT NULL,
  `REV_` int(11) DEFAULT NULL,
  PRIMARY KEY (`NAME_`)
) ENGINE=InnoDB DEFAULT CHARSET=utf8 COLLATE=utf8_bin;

-- ----------------------------
-- Records of ACT_GE_PROPERTY
-- ----------------------------
INSERT INTO `ACT_GE_PROPERTY` VALUES ('historyLevel', '2', '1');
INSERT INTO `ACT_GE_PROPERTY` VALUES ('next.dbid', '101', '2');
INSERT INTO `ACT_GE_PROPERTY` VALUES ('schema.history', 'create(5.10)', '1');
INSERT INTO `ACT_GE_PROPERTY` VALUES ('schema.version', '5.10', '1');

-- ----------------------------
-- Table structure for `ACT_HI_ACTINST`
-- ----------------------------
DROP TABLE IF EXISTS `ACT_HI_ACTINST`;
CREATE TABLE `ACT_HI_ACTINST` (
  `ID_` varchar(64) COLLATE utf8_bin NOT NULL,
  `PROC_DEF_ID_` varchar(64) COLLATE utf8_bin NOT NULL,
  `PROC_INST_ID_` varchar(64) COLLATE utf8_bin NOT NULL,
  `EXECUTION_ID_` varchar(64) COLLATE utf8_bin NOT NULL,
  `ACT_ID_` varchar(255) COLLATE utf8_bin NOT NULL,
  `ACT_NAME_` varchar(255) COLLATE utf8_bin DEFAULT NULL,
  `ACT_TYPE_` varchar(255) COLLATE utf8_bin NOT NULL,
  `ASSIGNEE_` varchar(64) COLLATE utf8_bin DEFAULT NULL,
  `START_TIME_` datetime NOT NULL,
  `END_TIME_` datetime DEFAULT NULL,
  `DURATION_` bigint(20) DEFAULT NULL,
  PRIMARY KEY (`ID_`),
  KEY `ACT_IDX_HI_ACT_INST_START` (`START_TIME_`),
  KEY `ACT_IDX_HI_ACT_INST_END` (`END_TIME_`)
) ENGINE=InnoDB DEFAULT CHARSET=utf8 COLLATE=utf8_bin;

-- ----------------------------
-- Records of ACT_HI_ACTINST
-- ----------------------------

-- ----------------------------
-- Table structure for `ACT_HI_ATTACHMENT`
-- ----------------------------
DROP TABLE IF EXISTS `ACT_HI_ATTACHMENT`;
CREATE TABLE `ACT_HI_ATTACHMENT` (
  `ID_` varchar(64) COLLATE utf8_bin NOT NULL,
  `REV_` int(11) DEFAULT NULL,
  `USER_ID_` varchar(255) COLLATE utf8_bin DEFAULT NULL,
  `NAME_` varchar(255) COLLATE utf8_bin DEFAULT NULL,
  `DESCRIPTION_` varchar(4000) COLLATE utf8_bin DEFAULT NULL,
  `TYPE_` varchar(255) COLLATE utf8_bin DEFAULT NULL,
  `TASK_ID_` varchar(64) COLLATE utf8_bin DEFAULT NULL,
  `PROC_INST_ID_` varchar(64) COLLATE utf8_bin DEFAULT NULL,
  `URL_` varchar(4000) COLLATE utf8_bin DEFAULT NULL,
  `CONTENT_ID_` varchar(64) COLLATE utf8_bin DEFAULT NULL,
  PRIMARY KEY (`ID_`)
) ENGINE=InnoDB DEFAULT CHARSET=utf8 COLLATE=utf8_bin;

-- ----------------------------
-- Records of ACT_HI_ATTACHMENT
-- ----------------------------

-- ----------------------------
-- Table structure for `ACT_HI_COMMENT`
-- ----------------------------
DROP TABLE IF EXISTS `ACT_HI_COMMENT`;
CREATE TABLE `ACT_HI_COMMENT` (
  `ID_` varchar(64) COLLATE utf8_bin NOT NULL,
  `TYPE_` varchar(255) COLLATE utf8_bin DEFAULT NULL,
  `TIME_` datetime NOT NULL,
  `USER_ID_` varchar(255) COLLATE utf8_bin DEFAULT NULL,
  `TASK_ID_` varchar(64) COLLATE utf8_bin DEFAULT NULL,
  `PROC_INST_ID_` varchar(64) COLLATE utf8_bin DEFAULT NULL,
  `ACTION_` varchar(255) COLLATE utf8_bin DEFAULT NULL,
  `MESSAGE_` varchar(4000) COLLATE utf8_bin DEFAULT NULL,
  `FULL_MSG_` longblob,
  PRIMARY KEY (`ID_`)
) ENGINE=InnoDB DEFAULT CHARSET=utf8 COLLATE=utf8_bin;

-- ----------------------------
-- Records of ACT_HI_COMMENT
-- ----------------------------

-- ----------------------------
-- Table structure for `ACT_HI_DETAIL`
-- ----------------------------
DROP TABLE IF EXISTS `ACT_HI_DETAIL`;
CREATE TABLE `ACT_HI_DETAIL` (
  `ID_` varchar(64) COLLATE utf8_bin NOT NULL,
  `TYPE_` varchar(255) COLLATE utf8_bin NOT NULL,
  `PROC_INST_ID_` varchar(64) COLLATE utf8_bin NOT NULL,
  `EXECUTION_ID_` varchar(64) COLLATE utf8_bin NOT NULL,
  `TASK_ID_` varchar(64) COLLATE utf8_bin DEFAULT NULL,
  `ACT_INST_ID_` varchar(64) COLLATE utf8_bin DEFAULT NULL,
  `NAME_` varchar(255) COLLATE utf8_bin NOT NULL,
  `VAR_TYPE_` varchar(255) COLLATE utf8_bin DEFAULT NULL,
  `REV_` int(11) DEFAULT NULL,
  `TIME_` datetime NOT NULL,
  `BYTEARRAY_ID_` varchar(64) COLLATE utf8_bin DEFAULT NULL,
  `DOUBLE_` double DEFAULT NULL,
  `LONG_` bigint(20) DEFAULT NULL,
  `TEXT_` varchar(4000) COLLATE utf8_bin DEFAULT NULL,
  `TEXT2_` varchar(4000) COLLATE utf8_bin DEFAULT NULL,
  PRIMARY KEY (`ID_`),
  KEY `ACT_IDX_HI_DETAIL_PROC_INST` (`PROC_INST_ID_`),
  KEY `ACT_IDX_HI_DETAIL_ACT_INST` (`ACT_INST_ID_`),
  KEY `ACT_IDX_HI_DETAIL_TIME` (`TIME_`),
  KEY `ACT_IDX_HI_DETAIL_NAME` (`NAME_`),
  KEY `ACT_IDX_HI_DETAIL_TASK_ID` (`TASK_ID_`)
) ENGINE=InnoDB DEFAULT CHARSET=utf8 COLLATE=utf8_bin;

-- ----------------------------
-- Records of ACT_HI_DETAIL
-- ----------------------------

-- ----------------------------
-- Table structure for `ACT_HI_PROCINST`
-- ----------------------------
DROP TABLE IF EXISTS `ACT_HI_PROCINST`;
CREATE TABLE `ACT_HI_PROCINST` (
  `ID_` varchar(64) COLLATE utf8_bin NOT NULL,
  `PROC_INST_ID_` varchar(64) COLLATE utf8_bin NOT NULL,
  `BUSINESS_KEY_` varchar(255) COLLATE utf8_bin DEFAULT NULL,
  `PROC_DEF_ID_` varchar(64) COLLATE utf8_bin NOT NULL,
  `START_TIME_` datetime NOT NULL,
  `END_TIME_` datetime DEFAULT NULL,
  `DURATION_` bigint(20) DEFAULT NULL,
  `START_USER_ID_` varchar(255) COLLATE utf8_bin DEFAULT NULL,
  `START_ACT_ID_` varchar(255) COLLATE utf8_bin DEFAULT NULL,
  `END_ACT_ID_` varchar(255) COLLATE utf8_bin DEFAULT NULL,
  `SUPER_PROCESS_INSTANCE_ID_` varchar(64) COLLATE utf8_bin DEFAULT NULL,
  `DELETE_REASON_` varchar(4000) COLLATE utf8_bin DEFAULT NULL,
  PRIMARY KEY (`ID_`),
  UNIQUE KEY `PROC_INST_ID_` (`PROC_INST_ID_`),
  UNIQUE KEY `ACT_UNIQ_HI_BUS_KEY` (`PROC_DEF_ID_`,`BUSINESS_KEY_`),
  KEY `ACT_IDX_HI_PRO_INST_END` (`END_TIME_`),
  KEY `ACT_IDX_HI_PRO_I_BUSKEY` (`BUSINESS_KEY_`)
) ENGINE=InnoDB DEFAULT CHARSET=utf8 COLLATE=utf8_bin;

-- ----------------------------
-- Records of ACT_HI_PROCINST
-- ----------------------------

-- ----------------------------
-- Table structure for `ACT_HI_TASKINST`
-- ----------------------------
DROP TABLE IF EXISTS `ACT_HI_TASKINST`;
CREATE TABLE `ACT_HI_TASKINST` (
  `ID_` varchar(64) COLLATE utf8_bin NOT NULL,
  `PROC_DEF_ID_` varchar(64) COLLATE utf8_bin DEFAULT NULL,
  `TASK_DEF_KEY_` varchar(255) COLLATE utf8_bin DEFAULT NULL,
  `PROC_INST_ID_` varchar(64) COLLATE utf8_bin DEFAULT NULL,
  `EXECUTION_ID_` varchar(64) COLLATE utf8_bin DEFAULT NULL,
  `NAME_` varchar(255) COLLATE utf8_bin DEFAULT NULL,
  `PARENT_TASK_ID_` varchar(64) COLLATE utf8_bin DEFAULT NULL,
  `DESCRIPTION_` varchar(4000) COLLATE utf8_bin DEFAULT NULL,
  `OWNER_` varchar(64) COLLATE utf8_bin DEFAULT NULL,
  `ASSIGNEE_` varchar(64) COLLATE utf8_bin DEFAULT NULL,
  `START_TIME_` datetime NOT NULL,
  `END_TIME_` datetime DEFAULT NULL,
  `DURATION_` bigint(20) DEFAULT NULL,
  `DELETE_REASON_` varchar(4000) COLLATE utf8_bin DEFAULT NULL,
  `PRIORITY_` int(11) DEFAULT NULL,
  `DUE_DATE_` datetime DEFAULT NULL,
  PRIMARY KEY (`ID_`)
) ENGINE=InnoDB DEFAULT CHARSET=utf8 COLLATE=utf8_bin;

-- ----------------------------
-- Records of ACT_HI_TASKINST
-- ----------------------------

-- ----------------------------
-- Table structure for `ACT_ID_GROUP`
-- ----------------------------
DROP TABLE IF EXISTS `ACT_ID_GROUP`;
CREATE TABLE `ACT_ID_GROUP` (
  `ID_` varchar(64) COLLATE utf8_bin NOT NULL DEFAULT '',
  `REV_` int(11) DEFAULT NULL,
  `NAME_` varchar(255) COLLATE utf8_bin DEFAULT NULL,
  `TYPE_` varchar(255) COLLATE utf8_bin DEFAULT NULL,
  PRIMARY KEY (`ID_`)
) ENGINE=InnoDB DEFAULT CHARSET=utf8 COLLATE=utf8_bin;

-- ----------------------------
-- Records of ACT_ID_GROUP
-- ----------------------------
INSERT INTO `ACT_ID_GROUP` VALUES ('boss', '1', '', 'boss');
INSERT INTO `ACT_ID_GROUP` VALUES ('director', '1', '', 'director');
INSERT INTO `ACT_ID_GROUP` VALUES ('employee', '1', '', 'employee');
INSERT INTO `ACT_ID_GROUP` VALUES ('finance', '1', '', 'finance');
INSERT INTO `ACT_ID_GROUP` VALUES ('hr', '1', '', 'hr');
INSERT INTO `ACT_ID_GROUP` VALUES ('manager', '1', '', 'manager');

-- ----------------------------
-- Table structure for `ACT_ID_INFO`
-- ----------------------------
DROP TABLE IF EXISTS `ACT_ID_INFO`;
CREATE TABLE `ACT_ID_INFO` (
  `ID_` varchar(64) COLLATE utf8_bin NOT NULL DEFAULT '',
  `REV_` int(11) DEFAULT NULL,
  `USER_ID_` varchar(64) COLLATE utf8_bin DEFAULT NULL,
  `TYPE_` varchar(64) COLLATE utf8_bin DEFAULT NULL,
  `KEY_` varchar(255) COLLATE utf8_bin DEFAULT NULL,
  `VALUE_` varchar(255) COLLATE utf8_bin DEFAULT NULL,
  `PASSWORD_` longblob,
  `PARENT_ID_` varchar(255) COLLATE utf8_bin DEFAULT NULL,
  PRIMARY KEY (`ID_`)
) ENGINE=InnoDB DEFAULT CHARSET=utf8 COLLATE=utf8_bin;

-- ----------------------------
-- Records of ACT_ID_INFO
-- ----------------------------
INSERT INTO `ACT_ID_INFO` VALUES ('1', '1', 'e7e58b39-9387-4af9-851f-1e9a136df9a8', 'userinfo', 'age', '30', null, null);
INSERT INTO `ACT_ID_INFO` VALUES ('2', '1', '5fc79284-b322-4118-95b7-f1b38d8c7c4e', 'userinfo', 'age', '30', null, null);
INSERT INTO `ACT_ID_INFO` VALUES ('3', '1', '913cb61e-b273-415e-8202-36476188173f', 'userinfo', 'age', '30', null, null);
INSERT INTO `ACT_ID_INFO` VALUES ('4', '1', '19678df8-c25f-4648-9984-6d2bec40b597', 'userinfo', 'age', '30', null, null);
INSERT INTO `ACT_ID_INFO` VALUES ('5', '1', 'b8ba1716-4dd1-40dc-8d96-12733e33f59f', 'userinfo', 'age', '30', null, null);
INSERT INTO `ACT_ID_INFO` VALUES ('6', '1', 'b9496ba3-860e-4c72-affc-210d5aa27bb7', 'userinfo', 'age', '30', null, null);

-- ----------------------------
-- Table structure for `ACT_ID_MEMBERSHIP`
-- ----------------------------
DROP TABLE IF EXISTS `ACT_ID_MEMBERSHIP`;
CREATE TABLE `ACT_ID_MEMBERSHIP` (
  `USER_ID_` varchar(64) COLLATE utf8_bin NOT NULL DEFAULT '',
  `GROUP_ID_` varchar(64) COLLATE utf8_bin NOT NULL DEFAULT '',
  PRIMARY KEY (`USER_ID_`,`GROUP_ID_`),
  KEY `ACT_FK_MEMB_GROUP` (`GROUP_ID_`),
  CONSTRAINT `ACT_FK_MEMB_USER` FOREIGN KEY (`USER_ID_`) REFERENCES `act_id_user` (`ID_`),
  CONSTRAINT `ACT_FK_MEMB_GROUP` FOREIGN KEY (`GROUP_ID_`) REFERENCES `act_id_group` (`ID_`)
) ENGINE=InnoDB DEFAULT CHARSET=utf8 COLLATE=utf8_bin;

-- ----------------------------
-- Records of ACT_ID_MEMBERSHIP
-- ----------------------------
INSERT INTO `ACT_ID_MEMBERSHIP` VALUES ('b8ba1716-4dd1-40dc-8d96-12733e33f59f', 'boss');
INSERT INTO `ACT_ID_MEMBERSHIP` VALUES ('913cb61e-b273-415e-8202-36476188173f', 'director');
INSERT INTO `ACT_ID_MEMBERSHIP` VALUES ('e7e58b39-9387-4af9-851f-1e9a136df9a8', 'employee');
INSERT INTO `ACT_ID_MEMBERSHIP` VALUES ('b9496ba3-860e-4c72-affc-210d5aa27bb7', 'finance');
INSERT INTO `ACT_ID_MEMBERSHIP` VALUES ('19678df8-c25f-4648-9984-6d2bec40b597', 'hr');
INSERT INTO `ACT_ID_MEMBERSHIP` VALUES ('5fc79284-b322-4118-95b7-f1b38d8c7c4e', 'manager');

-- ----------------------------
-- Table structure for `ACT_ID_USER`
-- ----------------------------
DROP TABLE IF EXISTS `ACT_ID_USER`;
CREATE TABLE `ACT_ID_USER` (
  `ID_` varchar(64) COLLATE utf8_bin NOT NULL DEFAULT '',
  `REV_` int(11) DEFAULT NULL,
  `FIRST_` varchar(255) COLLATE utf8_bin DEFAULT NULL,
  `LAST_` varchar(255) COLLATE utf8_bin DEFAULT NULL,
  `EMAIL_` varchar(255) COLLATE utf8_bin DEFAULT NULL,
  `PWD_` varchar(255) COLLATE utf8_bin DEFAULT NULL,
  `PICTURE_ID_` varchar(64) COLLATE utf8_bin DEFAULT NULL,
  PRIMARY KEY (`ID_`)
) ENGINE=InnoDB DEFAULT CHARSET=utf8 COLLATE=utf8_bin;

-- ----------------------------
-- Records of ACT_ID_USER
-- ----------------------------
INSERT INTO `ACT_ID_USER` VALUES ('19678df8-c25f-4648-9984-6d2bec40b597', '1', null, ' ', null, '123456', null);
INSERT INTO `ACT_ID_USER` VALUES ('5fc79284-b322-4118-95b7-f1b38d8c7c4e', '1', null, ' ', null, '123456', null);
INSERT INTO `ACT_ID_USER` VALUES ('913cb61e-b273-415e-8202-36476188173f', '1', null, ' ', null, '123456', null);
INSERT INTO `ACT_ID_USER` VALUES ('b8ba1716-4dd1-40dc-8d96-12733e33f59f', '1', null, ' ', null, '123456', null);
INSERT INTO `ACT_ID_USER` VALUES ('b9496ba3-860e-4c72-affc-210d5aa27bb7', '1', null, ' ', null, '123456', null);
INSERT INTO `ACT_ID_USER` VALUES ('e7e58b39-9387-4af9-851f-1e9a136df9a8', '1', null, '', null, '123456', null);

-- ----------------------------
-- Table structure for `ACT_RE_DEPLOYMENT`
-- ----------------------------
DROP TABLE IF EXISTS `ACT_RE_DEPLOYMENT`;
CREATE TABLE `ACT_RE_DEPLOYMENT` (
  `ID_` varchar(64) COLLATE utf8_bin NOT NULL DEFAULT '',
  `NAME_` varchar(255) COLLATE utf8_bin DEFAULT NULL,
  `DEPLOY_TIME_` timestamp NOT NULL DEFAULT CURRENT_TIMESTAMP ON UPDATE CURRENT_TIMESTAMP,
  PRIMARY KEY (`ID_`)
) ENGINE=InnoDB DEFAULT CHARSET=utf8 COLLATE=utf8_bin;

-- ----------------------------
-- Records of ACT_RE_DEPLOYMENT
-- ----------------------------
INSERT INTO `ACT_RE_DEPLOYMENT` VALUES ('7', null, '2013-08-17 17:40:11');

-- ----------------------------
-- Table structure for `ACT_RE_PROCDEF`
-- ----------------------------
DROP TABLE IF EXISTS `ACT_RE_PROCDEF`;
CREATE TABLE `ACT_RE_PROCDEF` (
  `ID_` varchar(64) COLLATE utf8_bin NOT NULL DEFAULT '',
  `REV_` int(11) DEFAULT NULL,
  `CATEGORY_` varchar(255) COLLATE utf8_bin DEFAULT NULL,
  `NAME_` varchar(255) COLLATE utf8_bin DEFAULT NULL,
  `KEY_` varchar(255) COLLATE utf8_bin DEFAULT NULL,
  `VERSION_` int(11) DEFAULT NULL,
  `DEPLOYMENT_ID_` varchar(64) COLLATE utf8_bin DEFAULT NULL,
  `RESOURCE_NAME_` varchar(4000) COLLATE utf8_bin DEFAULT NULL,
  `DGRM_RESOURCE_NAME_` varchar(4000) COLLATE utf8_bin DEFAULT NULL,
  `HAS_START_FORM_KEY_` tinyint(4) DEFAULT NULL,
  `SUSPENSION_STATE_` int(11) DEFAULT NULL,
  PRIMARY KEY (`ID_`),
  UNIQUE KEY `ACT_UNIQ_PROCDEF` (`KEY_`,`VERSION_`)
) ENGINE=InnoDB DEFAULT CHARSET=utf8 COLLATE=utf8_bin;

-- ----------------------------
-- Records of ACT_RE_PROCDEF
-- ----------------------------
INSERT INTO `ACT_RE_PROCDEF` VALUES ('CountSalary:1:18', '1', 'http://www.activiti.org/test', '', 'CountSalary', '1', '7', '/bpmn/CountSalary.bpmn', '/bpmn/CountSalary.CountSalary.png', '0', '1');
INSERT INTO `ACT_RE_PROCDEF` VALUES ('ExpenseAccount:1:17', '1', 'http://www.activiti.org/test', '', 'ExpenseAccount', '1', '7', '/bpmn/ExpenseAccount.bpmn', '/bpmn/ExpenseAccount.ExpenseAccount.png', '0', '1');
INSERT INTO `ACT_RE_PROCDEF` VALUES ('SalaryAdjust:1:19', '1', 'http://www.activiti.org/test', '', 'SalaryAdjust', '1', '7', '/bpmn/SalaryAdjust.bpmn', '/bpmn/SalaryAdjust.SalaryAdjust.png', '0', '1');
INSERT INTO `ACT_RE_PROCDEF` VALUES ('Vacation:1:16', '1', 'http://www.activiti.org/test', '', 'Vacation', '1', '7', '/bpmn/Vacation.bpmn', '/bpmn/Vacation.Vacation.png', '0', '1');

-- ----------------------------
-- Table structure for `ACT_RU_EVENT_SUBSCR`
-- ----------------------------
DROP TABLE IF EXISTS `ACT_RU_EVENT_SUBSCR`;
CREATE TABLE `ACT_RU_EVENT_SUBSCR` (
  `ID_` varchar(64) COLLATE utf8_bin NOT NULL,
  `REV_` int(11) DEFAULT NULL,
  `EVENT_TYPE_` varchar(255) COLLATE utf8_bin NOT NULL,
  `EVENT_NAME_` varchar(255) COLLATE utf8_bin DEFAULT NULL,
  `EXECUTION_ID_` varchar(64) COLLATE utf8_bin DEFAULT NULL,
  `PROC_INST_ID_` varchar(64) COLLATE utf8_bin DEFAULT NULL,
  `ACTIVITY_ID_` varchar(64) COLLATE utf8_bin DEFAULT NULL,
  `CONFIGURATION_` varchar(255) COLLATE utf8_bin DEFAULT NULL,
  `CREATED_` timestamp NOT NULL DEFAULT CURRENT_TIMESTAMP ON UPDATE CURRENT_TIMESTAMP,
  PRIMARY KEY (`ID_`),
  KEY `ACT_IDX_EVENT_SUBSCR_CONFIG_` (`CONFIGURATION_`),
  KEY `ACT_FK_EVENT_EXEC` (`EXECUTION_ID_`),
  CONSTRAINT `ACT_FK_EVENT_EXEC` FOREIGN KEY (`EXECUTION_ID_`) REFERENCES `act_ru_execution` (`ID_`)
) ENGINE=InnoDB DEFAULT CHARSET=utf8 COLLATE=utf8_bin;

-- ----------------------------
-- Records of ACT_RU_EVENT_SUBSCR
-- ----------------------------

-- ----------------------------
-- Table structure for `ACT_RU_EXECUTION`
-- ----------------------------
DROP TABLE IF EXISTS `ACT_RU_EXECUTION`;
CREATE TABLE `ACT_RU_EXECUTION` (
  `ID_` varchar(64) COLLATE utf8_bin NOT NULL DEFAULT '',
  `REV_` int(11) DEFAULT NULL,
  `PROC_INST_ID_` varchar(64) COLLATE utf8_bin DEFAULT NULL,
  `BUSINESS_KEY_` varchar(255) COLLATE utf8_bin DEFAULT NULL,
  `PARENT_ID_` varchar(64) COLLATE utf8_bin DEFAULT NULL,
  `PROC_DEF_ID_` varchar(64) COLLATE utf8_bin DEFAULT NULL,
  `SUPER_EXEC_` varchar(64) COLLATE utf8_bin DEFAULT NULL,
  `ACT_ID_` varchar(255) COLLATE utf8_bin DEFAULT NULL,
  `IS_ACTIVE_` tinyint(4) DEFAULT NULL,
  `IS_CONCURRENT_` tinyint(4) DEFAULT NULL,
  `IS_SCOPE_` tinyint(4) DEFAULT NULL,
  `IS_EVENT_SCOPE_` tinyint(4) DEFAULT NULL,
  `SUSPENSION_STATE_` int(11) DEFAULT NULL,
  `CACHED_ENT_STATE_` int(11) DEFAULT NULL,
  PRIMARY KEY (`ID_`),
  UNIQUE KEY `ACT_UNIQ_RU_BUS_KEY` (`PROC_DEF_ID_`,`BUSINESS_KEY_`),
  KEY `ACT_IDX_EXEC_BUSKEY` (`BUSINESS_KEY_`),
  KEY `ACT_FK_EXE_PROCINST` (`PROC_INST_ID_`),
  KEY `ACT_FK_EXE_PARENT` (`PARENT_ID_`),
  KEY `ACT_FK_EXE_SUPER` (`SUPER_EXEC_`),
  CONSTRAINT `ACT_FK_EXE_SUPER` FOREIGN KEY (`SUPER_EXEC_`) REFERENCES `act_ru_execution` (`ID_`),
  CONSTRAINT `ACT_FK_EXE_PARENT` FOREIGN KEY (`PARENT_ID_`) REFERENCES `act_ru_execution` (`ID_`),
  CONSTRAINT `ACT_FK_EXE_PROCINST` FOREIGN KEY (`PROC_INST_ID_`) REFERENCES `act_ru_execution` (`ID_`) ON DELETE CASCADE ON UPDATE CASCADE
) ENGINE=InnoDB DEFAULT CHARSET=utf8 COLLATE=utf8_bin;

-- ----------------------------
-- Records of ACT_RU_EXECUTION
-- ----------------------------

-- ----------------------------
-- Table structure for `ACT_RU_IDENTITYLINK`
-- ----------------------------
DROP TABLE IF EXISTS `ACT_RU_IDENTITYLINK`;
CREATE TABLE `ACT_RU_IDENTITYLINK` (
  `ID_` varchar(64) COLLATE utf8_bin NOT NULL DEFAULT '',
  `REV_` int(11) DEFAULT NULL,
  `GROUP_ID_` varchar(64) COLLATE utf8_bin DEFAULT NULL,
  `TYPE_` varchar(255) COLLATE utf8_bin DEFAULT NULL,
  `USER_ID_` varchar(64) COLLATE utf8_bin DEFAULT NULL,
  `TASK_ID_` varchar(64) COLLATE utf8_bin DEFAULT NULL,
  `PROC_DEF_ID_` varchar(64) COLLATE utf8_bin DEFAULT NULL,
  PRIMARY KEY (`ID_`),
  KEY `ACT_IDX_IDENT_LNK_USER` (`USER_ID_`),
  KEY `ACT_IDX_IDENT_LNK_GROUP` (`GROUP_ID_`),
  KEY `ACT_IDX_ATHRZ_PROCEDEF` (`PROC_DEF_ID_`),
  KEY `ACT_FK_TSKASS_TASK` (`TASK_ID_`),
  CONSTRAINT `ACT_FK_ATHRZ_PROCEDEF` FOREIGN KEY (`PROC_DEF_ID_`) REFERENCES `act_re_procdef` (`ID_`),
  CONSTRAINT `ACT_FK_TSKASS_TASK` FOREIGN KEY (`TASK_ID_`) REFERENCES `act_ru_task` (`ID_`)
) ENGINE=InnoDB DEFAULT CHARSET=utf8 COLLATE=utf8_bin;

-- ----------------------------
-- Records of ACT_RU_IDENTITYLINK
-- ----------------------------

-- ----------------------------
-- Table structure for `ACT_RU_JOB`
-- ----------------------------
DROP TABLE IF EXISTS `ACT_RU_JOB`;
CREATE TABLE `ACT_RU_JOB` (
  `ID_` varchar(64) COLLATE utf8_bin NOT NULL,
  `REV_` int(11) DEFAULT NULL,
  `TYPE_` varchar(255) COLLATE utf8_bin NOT NULL,
  `LOCK_EXP_TIME_` timestamp NOT NULL DEFAULT CURRENT_TIMESTAMP ON UPDATE CURRENT_TIMESTAMP,
  `LOCK_OWNER_` varchar(255) COLLATE utf8_bin DEFAULT NULL,
  `EXCLUSIVE_` tinyint(1) DEFAULT NULL,
  `EXECUTION_ID_` varchar(64) COLLATE utf8_bin DEFAULT NULL,
  `PROCESS_INSTANCE_ID_` varchar(64) COLLATE utf8_bin DEFAULT NULL,
  `RETRIES_` int(11) DEFAULT NULL,
  `EXCEPTION_STACK_ID_` varchar(64) COLLATE utf8_bin DEFAULT NULL,
  `EXCEPTION_MSG_` varchar(4000) COLLATE utf8_bin DEFAULT NULL,
  `DUEDATE_` timestamp NULL DEFAULT NULL,
  `REPEAT_` varchar(255) COLLATE utf8_bin DEFAULT NULL,
  `HANDLER_TYPE_` varchar(255) COLLATE utf8_bin DEFAULT NULL,
  `HANDLER_CFG_` varchar(4000) COLLATE utf8_bin DEFAULT NULL,
  PRIMARY KEY (`ID_`),
  KEY `ACT_FK_JOB_EXCEPTION` (`EXCEPTION_STACK_ID_`),
  CONSTRAINT `ACT_FK_JOB_EXCEPTION` FOREIGN KEY (`EXCEPTION_STACK_ID_`) REFERENCES `act_ge_bytearray` (`ID_`)
) ENGINE=InnoDB DEFAULT CHARSET=utf8 COLLATE=utf8_bin;

-- ----------------------------
-- Records of ACT_RU_JOB
-- ----------------------------

-- ----------------------------
-- Table structure for `ACT_RU_TASK`
-- ----------------------------
DROP TABLE IF EXISTS `ACT_RU_TASK`;
CREATE TABLE `ACT_RU_TASK` (
  `ID_` varchar(64) COLLATE utf8_bin NOT NULL DEFAULT '',
  `REV_` int(11) DEFAULT NULL,
  `EXECUTION_ID_` varchar(64) COLLATE utf8_bin DEFAULT NULL,
  `PROC_INST_ID_` varchar(64) COLLATE utf8_bin DEFAULT NULL,
  `PROC_DEF_ID_` varchar(64) COLLATE utf8_bin DEFAULT NULL,
  `NAME_` varchar(255) COLLATE utf8_bin DEFAULT NULL,
  `PARENT_TASK_ID_` varchar(64) COLLATE utf8_bin DEFAULT NULL,
  `DESCRIPTION_` varchar(4000) COLLATE utf8_bin DEFAULT NULL,
  `TASK_DEF_KEY_` varchar(255) COLLATE utf8_bin DEFAULT NULL,
  `OWNER_` varchar(64) COLLATE utf8_bin DEFAULT NULL,
  `ASSIGNEE_` varchar(64) COLLATE utf8_bin DEFAULT NULL,
  `DELEGATION_` varchar(64) COLLATE utf8_bin DEFAULT NULL,
  `PRIORITY_` int(11) DEFAULT NULL,
  `CREATE_TIME_` timestamp NOT NULL DEFAULT CURRENT_TIMESTAMP ON UPDATE CURRENT_TIMESTAMP,
  `DUE_DATE_` datetime DEFAULT NULL,
  PRIMARY KEY (`ID_`),
  KEY `ACT_IDX_TASK_CREATE` (`CREATE_TIME_`),
  KEY `ACT_FK_TASK_EXE` (`EXECUTION_ID_`),
  KEY `ACT_FK_TASK_PROCINST` (`PROC_INST_ID_`),
  KEY `ACT_FK_TASK_PROCDEF` (`PROC_DEF_ID_`),
  CONSTRAINT `ACT_FK_TASK_PROCDEF` FOREIGN KEY (`PROC_DEF_ID_`) REFERENCES `act_re_procdef` (`ID_`),
  CONSTRAINT `ACT_FK_TASK_EXE` FOREIGN KEY (`EXECUTION_ID_`) REFERENCES `act_ru_execution` (`ID_`),
  CONSTRAINT `ACT_FK_TASK_PROCINST` FOREIGN KEY (`PROC_INST_ID_`) REFERENCES `act_ru_execution` (`ID_`)
) ENGINE=InnoDB DEFAULT CHARSET=utf8 COLLATE=utf8_bin;

-- ----------------------------
-- Records of ACT_RU_TASK
-- ----------------------------

-- ----------------------------
-- Table structure for `ACT_RU_VARIABLE`
-- ----------------------------
DROP TABLE IF EXISTS `ACT_RU_VARIABLE`;
CREATE TABLE `ACT_RU_VARIABLE` (
  `ID_` varchar(64) COLLATE utf8_bin NOT NULL,
  `REV_` int(11) DEFAULT NULL,
  `TYPE_` varchar(255) COLLATE utf8_bin NOT NULL,
  `NAME_` varchar(255) COLLATE utf8_bin NOT NULL,
  `EXECUTION_ID_` varchar(64) COLLATE utf8_bin DEFAULT NULL,
  `PROC_INST_ID_` varchar(64) COLLATE utf8_bin DEFAULT NULL,
  `TASK_ID_` varchar(64) COLLATE utf8_bin DEFAULT NULL,
  `BYTEARRAY_ID_` varchar(64) COLLATE utf8_bin DEFAULT NULL,
  `DOUBLE_` double DEFAULT NULL,
  `LONG_` bigint(20) DEFAULT NULL,
  `TEXT_` varchar(4000) COLLATE utf8_bin DEFAULT NULL,
  `TEXT2_` varchar(4000) COLLATE utf8_bin DEFAULT NULL,
  PRIMARY KEY (`ID_`),
  KEY `ACT_IDX_VARIABLE_TASK_ID` (`TASK_ID_`),
  KEY `ACT_FK_VAR_EXE` (`EXECUTION_ID_`),
  KEY `ACT_FK_VAR_PROCINST` (`PROC_INST_ID_`),
  KEY `ACT_FK_VAR_BYTEARRAY` (`BYTEARRAY_ID_`),
  CONSTRAINT `ACT_FK_VAR_BYTEARRAY` FOREIGN KEY (`BYTEARRAY_ID_`) REFERENCES `act_ge_bytearray` (`ID_`),
  CONSTRAINT `ACT_FK_VAR_EXE` FOREIGN KEY (`EXECUTION_ID_`) REFERENCES `act_ru_execution` (`ID_`),
  CONSTRAINT `ACT_FK_VAR_PROCINST` FOREIGN KEY (`PROC_INST_ID_`) REFERENCES `act_ru_execution` (`ID_`)
) ENGINE=InnoDB DEFAULT CHARSET=utf8 COLLATE=utf8_bin;

-- ----------------------------
-- Records of ACT_RU_VARIABLE
-- ----------------------------

-- ----------------------------
-- Table structure for `CRA_PERSON`
-- ----------------------------
DROP TABLE IF EXISTS `CRA_PERSON`;
CREATE TABLE `CRA_PERSON` (
  `ID` int(11) NOT NULL AUTO_INCREMENT,
  `name` varchar(255) DEFAULT NULL,
  PRIMARY KEY (`ID`)
) ENGINE=InnoDB DEFAULT CHARSET=utf8;

-- ----------------------------
-- Records of CRA_PERSON
-- ----------------------------

-- ----------------------------
-- Table structure for `OA_EXPENSE_ACCOUNT`
-- ----------------------------
DROP TABLE IF EXISTS `OA_EXPENSE_ACCOUNT`;
CREATE TABLE `OA_EXPENSE_ACCOUNT` (
  `ID` int(11) NOT NULL AUTO_INCREMENT,
  `DATE` datetime DEFAULT NULL,
  `MONEY` decimal(19,2) DEFAULT NULL,
  `PROC_INST_ID` varchar(255) DEFAULT NULL,
  `USER_ID` varchar(255) DEFAULT NULL,
  PRIMARY KEY (`ID`)
) ENGINE=InnoDB DEFAULT CHARSET=utf8;

-- ----------------------------
-- Records of OA_EXPENSE_ACCOUNT
-- ----------------------------

-- ----------------------------
-- Table structure for `OA_SALARY`
-- ----------------------------
DROP TABLE IF EXISTS `OA_SALARY`;
CREATE TABLE `OA_SALARY` (
  `ID` int(11) NOT NULL AUTO_INCREMENT,
  `BASE_MONEY` decimal(19,2) DEFAULT NULL,
  `USER_ID` varchar(255) DEFAULT NULL,
  PRIMARY KEY (`ID`)
) ENGINE=InnoDB DEFAULT CHARSET=utf8;

-- ----------------------------
-- Records of OA_SALARY
-- ----------------------------

-- ----------------------------
-- Table structure for `OA_SALARY_ADJUST`
-- ----------------------------
DROP TABLE IF EXISTS `OA_SALARY_ADJUST`;
CREATE TABLE `OA_SALARY_ADJUST` (
  `ID` int(11) NOT NULL AUTO_INCREMENT,
  `ADJUST_MONEY` decimal(19,2) DEFAULT NULL,
  `DATE` datetime DEFAULT NULL,
  `DSCP` varchar(255) DEFAULT NULL,
  `PROC_INST_ID` varchar(255) DEFAULT NULL,
  `USER_ID` varchar(255) DEFAULT NULL,
  PRIMARY KEY (`ID`)
) ENGINE=InnoDB DEFAULT CHARSET=utf8;

-- ----------------------------
-- Records of OA_SALARY_ADJUST
-- ----------------------------

-- ----------------------------
-- Table structure for `OA_VACATION`
-- ----------------------------
DROP TABLE IF EXISTS `OA_VACATION`;
CREATE TABLE `OA_VACATION` (
  `ID` int(11) NOT NULL AUTO_INCREMENT,
  `BEGIN_DATE` datetime DEFAULT NULL,
  `WORK_DAYS` int(11) DEFAULT NULL,
  `END_DATE` datetime DEFAULT NULL,
  `PROC_INST_ID` varchar(255) DEFAULT NULL,
  `REASON` varchar(255) DEFAULT NULL,
  `USER_ID` varchar(255) DEFAULT NULL,
  `VAC_TYPE` int(11) DEFAULT NULL,
  PRIMARY KEY (`ID`)
) ENGINE=InnoDB DEFAULT CHARSET=utf8;

-- ----------------------------
-- Records of OA_VACATION
-- ----------------------------
